teller-v1,2018-01-24,2018-01-24 14:19:46.163+0000,{},,,True
identity-v1,2018-01-24,2018-01-24 14:16:50.464+0000,{\"useridentifier\":\"antony\"},,,True
identity-v1,2018-01-24,2018-01-24 14:16:51.249+0000,"{\"instance\":{\"identifier\":\"scheduler\",\"permissions\":[{\"permittableEndpointGroupIdentifier\":\"identity__v1__app_self\",\"allowedOperations\":[\"CHANGE\"]},{\"permittableEndpointGroupIdentifier\":\"portfolio__v1__khepri\",\"allowedOperations\":[\"CHANGE\"]}]}}",,,True
identity-v1,2018-01-24,2018-01-24 14:16:51.778+0000,"{\"identifier\":\"imhotep\",\"role\":\"scheduler\"}",,,True
identity-v1,2018-01-24,2018-01-24 14:16:51.825+0000,{\"useridentifier\":\"imhotep\"},,,True
identity-v1,2018-01-24,2018-01-24 14:16:51.924+0000,{\"identifier\":\"imhotep\"},,,True
identity-v1,2018-01-24,2018-01-24 14:16:55.968+0000,"{\"applicationIdentifier\":\"rhythm-v1\",\"keyTimestamp\":\"2018-01-24T14_16_32\",\"signature\":{\"publicKeyMod\":28564281692984886949764366769588808002187362885485717999203049117757553853670130602602095968624688885862732778754794160081817894688149801938458507548279226573143933044373424927808336092409590251724105025025136732135267552608261169575094803140662916883608109866223457717988535646096035182388058725239992950602918018291463652299002157258739146590501780024572595617100176612787332686060324022587782646480656993368541956107259598116235357488736856363531428574467696732385779294356617494047392012569376237482034583981883008876660714280969002667962138315813752727554721686007350048492079755847629369780548834042208502780817,\"publicKeyExp\":65537}}",,,True
identity-v1,2018-01-24,2018-01-24 14:16:56.084+0000,"{\"applicationIdentifer\":\"rhythm-v1\",\"permission\":{\"permittableEndpointGroupIdentifier\":\"identity__v1__app_self\",\"allowedOperations\":[\"CHANGE\"]}}",,,True
identity-v1,2018-01-24,2018-01-24 14:16:56.121+0000,"{\"applicationIdentifier\":\"rhythm-v1\",\"callEndpointSet\":{\"identifier\":\"rhythm__v1__identity__v1\",\"permittableEndpointGroupIdentifiers\":[\"identity__v1__app_self\"]}}",,,True
identity-v1,2018-01-24,2018-01-24 14:16:57.483+0000,{\"useridentifier\":\"imhotep\"},,,True
identity-v1,2018-01-24,2018-01-24 14:16:57.587+0000,{\"identifier\":\"imhotep\"},,,True
identity-v1,2018-01-24,2018-01-24 14:16:57.594+0000,{\"useridentifier\":\"imhotep\"},,,True
identity-v1,2018-01-24,2018-01-24 14:16:57.705+0000,"{\"applicationIdentifier\":\"rhythm-v1\",\"permittableGroupIdentifier\":\"identity__v1__app_self\",\"userIdentifier\":\"imhotep\",\"enabled\":true}",,,True
identity-v1,2018-01-24,2018-01-24 14:16:59.188+0000,"{\"instance\":{\"identifier\":\"office__v1__employees\",\"permittables\":[{\"path\":\"office-v1/employees/*/contacts\",\"method\":\"PUT\",\"groupId\":\"office__v1__employees\",\"acceptTokenIntendedForForeignApplication\":false},{\"path\":\"office-v1/employees/*/contacts\",\"method\":\"DELETE\",\"groupId\":\"office__v1__employees\",\"acceptTokenIntendedForForeignApplication\":false},{\"path\":\"office-v1/employees/*/contacts\",\"method\":\"GET\",\"groupId\":\"office__v1__employees\",\"acceptTokenIntendedForForeignApplication\":false},{\"path\":\"office-v1/employees\",\"method\":\"POST\",\"groupId\":\"office__v1__employees\",\"acceptTokenIntendedForForeignApplication\":false},{\"path\":\"office-v1/employees/*\",\"method\":\"GET\",\"groupId\":\"office__v1__employees\",\"acceptTokenIntendedForForeignApplication\":false},{\"path\":\"office-v1/employees\",\"method\":\"GET\",\"groupId\":\"office__v1__employees\",\"acceptTokenIntendedForForeignApplication\":false},{\"path\":\"office-v1/employees/*\",\"method\":\"PUT\",\"groupId\":\"office__v1__employees\",\"acceptTokenIntendedForForeignApplication\":false},{\"path\":\"office-v1/employees/*\",\"method\":\"DELETE\",\"groupId\":\"office__v1__employees\",\"acceptTokenIntendedForForeignApplication\":false}]}}",,,True
identity-v1,2018-01-24,2018-01-24 14:16:59.225+0000,"{\"instance\":{\"identifier\":\"office__v1__self\",\"permittables\":[{\"path\":\"office-v1/employees/{useridentifier}/contacts\",\"method\":\"PUT\",\"groupId\":\"office__v1__self\",\"acceptTokenIntendedForForeignApplication\":false},{\"path\":\"office-v1/employees/{useridentifier}/contacts\",\"method\":\"DELETE\",\"groupId\":\"office__v1__self\",\"acceptTokenIntendedForForeignApplication\":false},{\"path\":\"office-v1/employees/{useridentifier}/contacts\",\"method\":\"GET\",\"groupId\":\"office__v1__self\",\"acceptTokenIntendedForForeignApplication\":false},{\"path\":\"office-v1/employees/{useridentifier}\",\"method\":\"GET\",\"groupId\":\"office__v1__self\",\"acceptTokenIntendedForForeignApplication\":false},{\"path\":\"office-v1/employees/{useridentifier}\",\"method\":\"PUT\",\"groupId\":\"office__v1__self\",\"acceptTokenIntendedForForeignApplication\":false}]}}",,,True
identity-v1,2018-01-24,2018-01-24 14:16:59.277+0000,"{\"instance\":{\"identifier\":\"office__v1__offices\",\"permittables\":[{\"path\":\"office-v1/offices/*/address\",\"method\":\"GET\",\"groupId\":\"office__v1__offices\",\"acceptTokenIntendedForForeignApplication\":false},{\"path\":\"office-v1/offices/*/references\",\"method\":\"PUT\",\"groupId\":\"office__v1__offices\",\"acceptTokenIntendedForForeignApplication\":false},{\"path\":\"office-v1/offices/*/address\",\"method\":\"DELETE\",\"groupId\":\"office__v1__offices\",\"acceptTokenIntendedForForeignApplication\":false},{\"path\":\"office-v1/offices/*/address\",\"method\":\"PUT\",\"groupId\":\"office__v1__offices\",\"acceptTokenIntendedForForeignApplication\":false},{\"path\":\"office-v1/offices/*\",\"method\":\"POST\",\"groupId\":\"office__v1__offices\",\"acceptTokenIntendedForForeignApplication\":false},{\"path\":\"office-v1/offices/*\",\"method\":\"GET\",\"groupId\":\"office__v1__offices\",\"acceptTokenIntendedForForeignApplication\":false},{\"path\":\"office-v1/offices/*/branches\",\"method\":\"GET\",\"groupId\":\"office__v1__offices\",\"acceptTokenIntendedForForeignApplication\":false},{\"path\":\"office-v1/offices/*\",\"method\":\"DELETE\",\"groupId\":\"office__v1__offices\",\"acceptTokenIntendedForForeignApplication\":false},{\"path\":\"office-v1/offices\",\"method\":\"POST\",\"groupId\":\"office__v1__offices\",\"acceptTokenIntendedForForeignApplication\":false},{\"path\":\"office-v1/offices\",\"method\":\"GET\",\"groupId\":\"office__v1__offices\",\"acceptTokenIntendedForForeignApplication\":false},{\"path\":\"office-v1/offices/*\",\"method\":\"PUT\",\"groupId\":\"office__v1__offices\",\"acceptTokenIntendedForForeignApplication\":false}]}}",,,True
identity-v1,2018-01-24,2018-01-24 14:17:17.699+0000,"{\"applicationIdentifier\":\"office-v1\",\"keyTimestamp\":\"2018-01-24T14_16_32\",\"signature\":{\"publicKeyMod\":26619028201475855316062506470148965333355206887299697135839998671783899810515308250458776110465930729643670040515266891778686903470483350501431195241847478237118025484728752533558000360923993671804025027121145151457142172697717050520311395194435720098346952084425394782982484755395521286382232223894949031227878808963062175588675344188460426334769196094596362084958063927257596938516851941520686391550817269048942453317257016468957152165206555027261635721874494535992152387533995822716846728698774858162987089903892916433861172004009698557493599007177317156194766315446462600603673023852972765078527874946258473967367,\"publicKeyExp\":65537}}",,,True
identity-v1,2018-01-24,2018-01-24 14:17:18.927+0000,"{\"instance\":{\"identifier\":\"accounting__v1__tx_types\",\"permittables\":[{\"path\":\"accounting-v1/transactiontypes\",\"method\":\"GET\",\"groupId\":\"accounting__v1__tx_types\",\"acceptTokenIntendedForForeignApplication\":false},{\"path\":\"accounting-v1/transactiontypes/*\",\"method\":\"GET\",\"groupId\":\"accounting__v1__tx_types\",\"acceptTokenIntendedForForeignApplication\":false},{\"path\":\"accounting-v1/transactiontypes/*\",\"method\":\"PUT\",\"groupId\":\"accounting__v1__tx_types\",\"acceptTokenIntendedForForeignApplication\":false},{\"path\":\"accounting-v1/transactiontypes\",\"method\":\"POST\",\"groupId\":\"accounting__v1__tx_types\",\"acceptTokenIntendedForForeignApplication\":false}]}}",,,True
identity-v1,2018-01-24,2018-01-24 14:17:18.945+0000,"{\"instance\":{\"identifier\":\"accounting__v1__income_stmt\",\"permittables\":[{\"path\":\"accounting-v1/incomestatement\",\"method\":\"GET\",\"groupId\":\"accounting__v1__income_stmt\",\"acceptTokenIntendedForForeignApplication\":false}]}}",,,True
identity-v1,2018-01-24,2018-01-24 14:17:18.967+0000,"{\"instance\":{\"identifier\":\"accounting__v1__journal\",\"permittables\":[{\"path\":\"accounting-v1/journal/*\",\"method\":\"GET\",\"groupId\":\"accounting__v1__journal\",\"acceptTokenIntendedForForeignApplication\":false},{\"path\":\"accounting-v1/journal\",\"method\":\"POST\",\"groupId\":\"accounting__v1__journal\",\"acceptTokenIntendedForForeignApplication\":false},{\"path\":\"accounting-v1/journal\",\"method\":\"GET\",\"groupId\":\"accounting__v1__journal\",\"acceptTokenIntendedForForeignApplication\":false}]}}",,,True
identity-v1,2018-01-24,2018-01-24 14:17:19.027+0000,"{\"instance\":{\"identifier\":\"accounting__v1__ledger\",\"permittables\":[{\"path\":\"accounting-v1/chartofaccounts\",\"method\":\"GET\",\"groupId\":\"accounting__v1__ledger\",\"acceptTokenIntendedForForeignApplication\":false},{\"path\":\"accounting-v1/ledgers\",\"method\":\"GET\",\"groupId\":\"accounting__v1__ledger\",\"acceptTokenIntendedForForeignApplication\":false},{\"path\":\"accounting-v1/ledgers/*\",\"method\":\"POST\",\"groupId\":\"accounting__v1__ledger\",\"acceptTokenIntendedForForeignApplication\":false},{\"path\":\"accounting-v1/ledgers/*\",\"method\":\"DELETE\",\"groupId\":\"accounting__v1__ledger\",\"acceptTokenIntendedForForeignApplication\":false},{\"path\":\"accounting-v1/ledgers/*\",\"method\":\"GET\",\"groupId\":\"accounting__v1__ledger\",\"acceptTokenIntendedForForeignApplication\":false},{\"path\":\"accounting-v1/ledgers\",\"method\":\"POST\",\"groupId\":\"accounting__v1__ledger\",\"acceptTokenIntendedForForeignApplication\":false},{\"path\":\"accounting-v1/ledgers/*\",\"method\":\"PUT\",\"groupId\":\"accounting__v1__ledger\",\"acceptTokenIntendedForForeignApplication\":false},{\"path\":\"accounting-v1/ledgers/*/accounts\",\"method\":\"GET\",\"groupId\":\"accounting__v1__ledger\",\"acceptTokenIntendedForForeignApplication\":false},{\"path\":\"accounting-v1/trialbalance\",\"method\":\"GET\",\"groupId\":\"accounting__v1__ledger\",\"acceptTokenIntendedForForeignApplication\":false}]}}",,,True
identity-v1,2018-01-24,2018-01-24 14:17:19.082+0000,"{\"instance\":{\"identifier\":\"accounting__v1__account\",\"permittables\":[{\"path\":\"accounting-v1/accounts\",\"method\":\"GET\",\"groupId\":\"accounting__v1__account\",\"acceptTokenIntendedForForeignApplication\":false},{\"path\":\"accounting-v1/accounts/*\",\"method\":\"GET\",\"groupId\":\"accounting__v1__account\",\"acceptTokenIntendedForForeignApplication\":false},{\"path\":\"accounting-v1/accounts\",\"method\":\"POST\",\"groupId\":\"accounting__v1__account\",\"acceptTokenIntendedForForeignApplication\":false},{\"path\":\"accounting-v1/accounts/*\",\"method\":\"DELETE\",\"groupId\":\"accounting__v1__account\",\"acceptTokenIntendedForForeignApplication\":false},{\"path\":\"accounting-v1/accounts/*\",\"method\":\"PUT\",\"groupId\":\"accounting__v1__account\",\"acceptTokenIntendedForForeignApplication\":false},{\"path\":\"accounting-v1/accounts/*/commands\",\"method\":\"POST\",\"groupId\":\"accounting__v1__account\",\"acceptTokenIntendedForForeignApplication\":false},{\"path\":\"accounting-v1/accounts/*/actions\",\"method\":\"GET\",\"groupId\":\"accounting__v1__account\",\"acceptTokenIntendedForForeignApplication\":false},{\"path\":\"accounting-v1/accounts/*/entries\",\"method\":\"GET\",\"groupId\":\"accounting__v1__account\",\"acceptTokenIntendedForForeignApplication\":false},{\"path\":\"accounting-v1/accounts/*/commands\",\"method\":\"GET\",\"groupId\":\"accounting__v1__account\",\"acceptTokenIntendedForForeignApplication\":false}]}}",,,True
identity-v1,2018-01-24,2018-01-24 14:17:19.106+0000,"{\"instance\":{\"identifier\":\"accounting__v1__fin_condition\",\"permittables\":[{\"path\":\"accounting-v1/financialcondition\",\"method\":\"GET\",\"groupId\":\"accounting__v1__fin_condition\",\"acceptTokenIntendedForForeignApplication\":false}]}}",,,True
identity-v1,2018-01-24,2018-01-24 14:17:52.362+0000,"{\"applicationIdentifier\":\"accounting-v1\",\"keyTimestamp\":\"2018-01-24T14_16_32\",\"signature\":{\"publicKeyMod\":16301322888837862599502717561914976606417376330914135742304678676773129974429762919670339992836692099377844602559838673477677816267791954478047756311137118642384620610499702895014809449492841573260763929100387282329872827033015248215058709089880387735371125700401237226165196481785719130153824530955946580725427182304714873646400873427758339857243052566859624278450871617436284824733467206355805068778659491961937035474323909443868080912070150485540979858426584068221690221269806462039330319870398206229740966803125653969362785499004048203307609142283128267633721833093434307856143191198425358433972135558092726922497,\"publicKeyExp\":65537}}",,,True
identity-v1,2018-01-24,2018-01-24 14:17:53.842+0000,"{\"instance\":{\"identifier\":\"portfolio__v1__products__enable\",\"permittables\":[{\"path\":\"portfolio-v1/products/*/incompleteaccountassignments\",\"method\":\"GET\",\"groupId\":\"portfolio__v1__products__enable\",\"acceptTokenIntendedForForeignApplication\":false},{\"path\":\"portfolio-v1/products/*/enabled\",\"method\":\"GET\",\"groupId\":\"portfolio__v1__products__enable\",\"acceptTokenIntendedForForeignApplication\":false},{\"path\":\"portfolio-v1/products/*/enabled\",\"method\":\"PUT\",\"groupId\":\"portfolio__v1__products__enable\",\"acceptTokenIntendedForForeignApplication\":false}]}}",,,True
identity-v1,2018-01-24,2018-01-24 14:17:53.862+0000,"{\"instance\":{\"identifier\":\"portfolio__v1__khepri\",\"permittables\":[{\"path\":\"portfolio-v1/beatlistener/v1/publishedbeats\",\"method\":\"POST\",\"groupId\":\"portfolio__v1__khepri\",\"acceptTokenIntendedForForeignApplication\":false}]}}",,,True
identity-v1,2018-01-24,2018-01-24 14:17:53.939+0000,"{\"instance\":{\"identifier\":\"portfolio__v1__case\",\"permittables\":[{\"path\":\"portfolio-v1/products/*/cases/*/actions/*/costcomponents\",\"method\":\"GET\",\"groupId\":\"portfolio__v1__case\",\"acceptTokenIntendedForForeignApplication\":false},{\"path\":\"portfolio-v1/products/*/cases/*/commands/*\",\"method\":\"POST\",\"groupId\":\"portfolio__v1__case\",\"acceptTokenIntendedForForeignApplication\":false},{\"path\":\"portfolio-v1/products/*/cases/*/actions\",\"method\":\"GET\",\"groupId\":\"portfolio__v1__case\",\"acceptTokenIntendedForForeignApplication\":false},{\"path\":\"portfolio-v1/products/*/cases\",\"method\":\"GET\",\"groupId\":\"portfolio__v1__case\",\"acceptTokenIntendedForForeignApplication\":false},{\"path\":\"portfolio-v1/products/*/cases/*\",\"method\":\"GET\",\"groupId\":\"portfolio__v1__case\",\"acceptTokenIntendedForForeignApplication\":false},{\"path\":\"portfolio-v1/products/*/cases\",\"method\":\"POST\",\"groupId\":\"portfolio__v1__case\",\"acceptTokenIntendedForForeignApplication\":false},{\"path\":\"portfolio-v1/products/*/cases/*\",\"method\":\"PUT\",\"groupId\":\"portfolio__v1__case\",\"acceptTokenIntendedForForeignApplication\":false},{\"path\":\"portfolio-v1/products/*/cases/*/tasks/*/executed\",\"method\":\"PUT\",\"groupId\":\"portfolio__v1__case\",\"acceptTokenIntendedForForeignApplication\":false},{\"path\":\"portfolio-v1/products/*/cases/*/tasks/*\",\"method\":\"PUT\",\"groupId\":\"portfolio__v1__case\",\"acceptTokenIntendedForForeignApplication\":false},{\"path\":\"portfolio-v1/products/*/cases/*/tasks\",\"method\":\"GET\",\"groupId\":\"portfolio__v1__case\",\"acceptTokenIntendedForForeignApplication\":false},{\"path\":\"portfolio-v1/products/*/cases/*/tasks/*\",\"method\":\"GET\",\"groupId\":\"portfolio__v1__case\",\"acceptTokenIntendedForForeignApplication\":false},{\"path\":\"portfolio-v1/individuallending/customers/*/cases\",\"method\":\"GET\",\"groupId\":\"portfolio__v1__case\",\"acceptTokenIntendedForForeignApplication\":false},{\"path\":\"portfolio-v1/individuallending/products/*/cases/*/plannedpayments\",\"method\":\"GET\",\"groupId\":\"portfolio__v1__case\",\"acceptTokenIntendedForForeignApplication\":false}]}}",,,True
identity-v1,2018-01-24,2018-01-24 14:17:53.959+0000,"{\"instance\":{\"identifier\":\"portfolio__v1__case_documents\",\"permittables\":[{\"path\":\"portfolio-v1/individuallending/products/*/cases/*/documents\",\"method\":\"PUT\",\"groupId\":\"portfolio__v1__case_documents\",\"acceptTokenIntendedForForeignApplication\":false},{\"path\":\"portfolio-v1/individuallending/products/*/cases/*/documents\",\"method\":\"GET\",\"groupId\":\"portfolio__v1__case_documents\",\"acceptTokenIntendedForForeignApplication\":false}]}}",,,True
identity-v1,2018-01-24,2018-01-24 14:17:54.065+0000,"{\"instance\":{\"identifier\":\"portfolio__v1__products\",\"permittables\":[{\"path\":\"portfolio-v1/products/*/balancesegmentsets\",\"method\":\"GET\",\"groupId\":\"portfolio__v1__products\",\"acceptTokenIntendedForForeignApplication\":false},{\"path\":\"portfolio-v1/products/*/balancesegmentsets/*\",\"method\":\"GET\",\"groupId\":\"portfolio__v1__products\",\"acceptTokenIntendedForForeignApplication\":false},{\"path\":\"portfolio-v1/products/*/balancesegmentsets\",\"method\":\"POST\",\"groupId\":\"portfolio__v1__products\",\"acceptTokenIntendedForForeignApplication\":false},{\"path\":\"portfolio-v1/products/*/balancesegmentsets/*\",\"method\":\"DELETE\",\"groupId\":\"portfolio__v1__products\",\"acceptTokenIntendedForForeignApplication\":false},{\"path\":\"portfolio-v1/products/*/balancesegmentsets/*\",\"method\":\"PUT\",\"groupId\":\"portfolio__v1__products\",\"acceptTokenIntendedForForeignApplication\":false},{\"path\":\"portfolio-v1/products/*/charges/*\",\"method\":\"DELETE\",\"groupId\":\"portfolio__v1__products\",\"acceptTokenIntendedForForeignApplication\":false},{\"path\":\"portfolio-v1/products/*/charges/*\",\"method\":\"PUT\",\"groupId\":\"portfolio__v1__products\",\"acceptTokenIntendedForForeignApplication\":false},{\"path\":\"portfolio-v1/products/*/charges/*\",\"method\":\"GET\",\"groupId\":\"portfolio__v1__products\",\"acceptTokenIntendedForForeignApplication\":false},{\"path\":\"portfolio-v1/products/*/charges\",\"method\":\"POST\",\"groupId\":\"portfolio__v1__products\",\"acceptTokenIntendedForForeignApplication\":false},{\"path\":\"portfolio-v1/products/*/charges\",\"method\":\"GET\",\"groupId\":\"portfolio__v1__products\",\"acceptTokenIntendedForForeignApplication\":false},{\"path\":\"portfolio-v1/patterns\",\"method\":\"GET\",\"groupId\":\"portfolio__v1__products\",\"acceptTokenIntendedForForeignApplication\":false},{\"path\":\"portfolio-v1/products/*/enabled\",\"method\":\"GET\",\"groupId\":\"portfolio__v1__products\",\"acceptTokenIntendedForForeignApplication\":false},{\"path\":\"portfolio-v1/products\",\"method\":\"POST\",\"groupId\":\"portfolio__v1__products\",\"acceptTokenIntendedForForeignApplication\":false},{\"path\":\"portfolio-v1/products/*\",\"method\":\"PUT\",\"groupId\":\"portfolio__v1__products\",\"acceptTokenIntendedForForeignApplication\":false},{\"path\":\"portfolio-v1/products\",\"method\":\"GET\",\"groupId\":\"portfolio__v1__products\",\"acceptTokenIntendedForForeignApplication\":false},{\"path\":\"portfolio-v1/products/*\",\"method\":\"DELETE\",\"groupId\":\"portfolio__v1__products\",\"acceptTokenIntendedForForeignApplication\":false},{\"path\":\"portfolio-v1/products/*\",\"method\":\"GET\",\"groupId\":\"portfolio__v1__products\",\"acceptTokenIntendedForForeignApplication\":false},{\"path\":\"portfolio-v1/products/*/tasks\",\"method\":\"POST\",\"groupId\":\"portfolio__v1__products\",\"acceptTokenIntendedForForeignApplication\":false},{\"path\":\"portfolio-v1/products/*/tasks\",\"method\":\"GET\",\"groupId\":\"portfolio__v1__products\",\"acceptTokenIntendedForForeignApplication\":false},{\"path\":\"portfolio-v1/products/*/tasks/*\",\"method\":\"PUT\",\"groupId\":\"portfolio__v1__products\",\"acceptTokenIntendedForForeignApplication\":false},{\"path\":\"portfolio-v1/products/*/tasks/*\",\"method\":\"DELETE\",\"groupId\":\"portfolio__v1__products\",\"acceptTokenIntendedForForeignApplication\":false},{\"path\":\"portfolio-v1/products/*/tasks/*\",\"method\":\"GET\",\"groupId\":\"portfolio__v1__products\",\"acceptTokenIntendedForForeignApplication\":false}]}}",,,True
identity-v1,2018-01-24,2018-01-24 14:17:54.095+0000,"{\"instance\":{\"identifier\":\"portfolio__v1__products__lossprv\",\"permittables\":[{\"path\":\"portfolio-v1/individuallending/products/*/lossprovisionconfiguration\",\"method\":\"GET\",\"groupId\":\"portfolio__v1__products__lossprv\",\"acceptTokenIntendedForForeignApplication\":false},{\"path\":\"portfolio-v1/individuallending/products/*/lossprovisionconfiguration\",\"method\":\"PUT\",\"groupId\":\"portfolio__v1__products__lossprv\",\"acceptTokenIntendedForForeignApplication\":false}]}}",,,True
identity-v1,2018-01-24,2018-01-24 14:18:27.469+0000,"{\"applicationIdentifier\":\"portfolio-v1\",\"keyTimestamp\":\"2018-01-24T14_16_32\",\"signature\":{\"publicKeyMod\":16973737396076667460931686227825220143424703245450686251756688207115454774439085233213199415087257027411780500378239907294087745643042767426231064976880237213242428169682576460297577667767122285361700576137641676468139040745560529846498646550876561084982170898355699990509283660448837367581637318288817372195431622955722146870412070545807049109235062925193851727333037481403622145684283099662943700134189600945494071313853124808393542355421982886531020911746542296706943721566770785673191813806595206646579306514833221283978351954367233481323589903861461503497422061824400212179958396159069117688873066408534519858629,\"publicKeyExp\":65537}}",,,True
identity-v1,2018-01-24,2018-01-24 14:18:33.549+0000,{\"refreshToken\":\"Bearer eyJhbGciOiJSUzUxMiJ9.eyJpc3MiOiJyaHl0aG0tdjEiLCJzdWIiOiJpbWhvdGVwIiwiL21pZm9zLmlvL3NpZ25hdHVyZVRpbWVzdGFtcCI6IjIwMTgtMDEtMjRUMTRfMTZfMzIiLCJpYXQiOjE1MTY4MDM1MTIsImV4cCI6MTUxNjgwMzU3MiwiL21pZm9zLmlvL2VuZHBvaW50U2V0Ijoicmh5dGhtX192MV9faWRlbnRpdHlfX3YxIn0.cypOD2-8aj6PDCGAShTyVv4xm8u-ud1MXphmLt9pVICErmEgoYIXzZn15JbBSOR1Nl8fSNRN4d10tdQ4_1Hk5hzL2UL7q98fc1wWlbJ48vmgcI_FZ2fvzyDvj3txI1vvmE4mx1ZRoS2cxDp7I75R8OHFU93ABBQMvM8IX7jzG633Kjrsvd3rf2vCh6LkCGZArQ4-ghibUOa-X7_UsV0k5w38pD751uW0k84sFlfdCUhA3F7L8LYJOU2ehL8vAS9G8ToR6v9lfKr2VkS8ueV3WTw224wp8-jbTWHnN7GKzzgZh9AFrJ7Qk5E1HGCMpFa6J-HLjK6_lkLZj4gRPatOzQ\"},,,True
identity-v1,2018-01-24,2018-01-24 14:18:33.781+0000,"{\"applicationIdentifer\":\"rhythm-v1\",\"permission\":{\"permittableEndpointGroupIdentifier\":\"portfolio__v1__khepri\",\"allowedOperations\":[\"CHANGE\"]}}",,,True
identity-v1,2018-01-24,2018-01-24 14:18:34.171+0000,{\"useridentifier\":\"imhotep\"},,,True
identity-v1,2018-01-24,2018-01-24 14:18:34.275+0000,"{\"applicationIdentifier\":\"rhythm-v1\",\"permittableGroupIdentifier\":\"portfolio__v1__khepri\",\"userIdentifier\":\"imhotep\",\"enabled\":true}",,,True
identity-v1,2018-01-24,2018-01-24 14:18:35.694+0000,"{\"instance\":{\"identifier\":\"customer__v1__documents\",\"permittables\":[{\"path\":\"customer-v1/customers/*/documents/*/completed\",\"method\":\"POST\",\"groupId\":\"customer__v1__documents\",\"acceptTokenIntendedForForeignApplication\":false},{\"path\":\"customer-v1/customers/*/documents/*\",\"method\":\"GET\",\"groupId\":\"customer__v1__documents\",\"acceptTokenIntendedForForeignApplication\":false},{\"path\":\"customer-v1/customers/*/documents/*\",\"method\":\"PUT\",\"groupId\":\"customer__v1__documents\",\"acceptTokenIntendedForForeignApplication\":false},{\"path\":\"customer-v1/customers/*/documents\",\"method\":\"GET\",\"groupId\":\"customer__v1__documents\",\"acceptTokenIntendedForForeignApplication\":false},{\"path\":\"customer-v1/customers/*/documents/*\",\"method\":\"POST\",\"groupId\":\"customer__v1__documents\",\"acceptTokenIntendedForForeignApplication\":false},{\"path\":\"customer-v1/customers/*/documents/*/pages/*\",\"method\":\"GET\",\"groupId\":\"customer__v1__documents\",\"acceptTokenIntendedForForeignApplication\":false},{\"path\":\"customer-v1/customers/*/documents/*\",\"method\":\"DELETE\",\"groupId\":\"customer__v1__documents\",\"acceptTokenIntendedForForeignApplication\":false},{\"path\":\"customer-v1/customers/*/documents/*/pages/*\",\"method\":\"DELETE\",\"groupId\":\"customer__v1__documents\",\"acceptTokenIntendedForForeignApplication\":false},{\"path\":\"customer-v1/customers/*/documents/*/pages/*\",\"method\":\"POST\",\"groupId\":\"customer__v1__documents\",\"acceptTokenIntendedForForeignApplication\":false},{\"path\":\"customer-v1/customers/*/documents/*/pages\",\"method\":\"GET\",\"groupId\":\"customer__v1__documents\",\"acceptTokenIntendedForForeignApplication\":false}]}}",,,True
identity-v1,2018-01-24,2018-01-24 14:18:35.752+0000,"{\"instance\":{\"identifier\":\"customer__v1__identifications\",\"permittables\":[{\"path\":\"customer-v1/customers/*/identifications/*/scans/*\",\"method\":\"DELETE\",\"groupId\":\"customer__v1__identifications\",\"acceptTokenIntendedForForeignApplication\":false},{\"path\":\"customer-v1/customers/*/identifications/*/scans/*\",\"method\":\"GET\",\"groupId\":\"customer__v1__identifications\",\"acceptTokenIntendedForForeignApplication\":false},{\"path\":\"customer-v1/customers/*/identifications/*\",\"method\":\"DELETE\",\"groupId\":\"customer__v1__identifications\",\"acceptTokenIntendedForForeignApplication\":false},{\"path\":\"customer-v1/customers/*/identifications\",\"method\":\"GET\",\"groupId\":\"customer__v1__identifications\",\"acceptTokenIntendedForForeignApplication\":false},{\"path\":\"customer-v1/customers/*/identifications/*\",\"method\":\"GET\",\"groupId\":\"customer__v1__identifications\",\"acceptTokenIntendedForForeignApplication\":false},{\"path\":\"customer-v1/customers/*/identifications\",\"method\":\"POST\",\"groupId\":\"customer__v1__identifications\",\"acceptTokenIntendedForForeignApplication\":false},{\"path\":\"customer-v1/customers/*/identifications/*/scans\",\"method\":\"GET\",\"groupId\":\"customer__v1__identifications\",\"acceptTokenIntendedForForeignApplication\":false},{\"path\":\"customer-v1/customers/*/identifications/*/scans/*/image\",\"method\":\"GET\",\"groupId\":\"customer__v1__identifications\",\"acceptTokenIntendedForForeignApplication\":false},{\"path\":\"customer-v1/customers/*/identifications/*\",\"method\":\"PUT\",\"groupId\":\"customer__v1__identifications\",\"acceptTokenIntendedForForeignApplication\":false}]}}",,,True
identity-v1,2018-01-24,2018-01-24 14:18:35.794+0000,"{\"instance\":{\"identifier\":\"customer__v1__portrait\",\"permittables\":[{\"path\":\"customer-v1/customers/*/portrait\",\"method\":\"DELETE\",\"groupId\":\"customer__v1__portrait\",\"acceptTokenIntendedForForeignApplication\":false},{\"path\":\"customer-v1/customers/*/portrait\",\"method\":\"GET\",\"groupId\":\"customer__v1__portrait\",\"acceptTokenIntendedForForeignApplication\":false},{\"path\":\"customer-v1/customers/*/portrait\",\"method\":\"POST\",\"groupId\":\"customer__v1__portrait\",\"acceptTokenIntendedForForeignApplication\":false}]}}",,,True
identity-v1,2018-01-24,2018-01-24 14:18:35.835+0000,"{\"instance\":{\"identifier\":\"catalog__v1__catalog\",\"permittables\":[{\"path\":\"customer-v1/catalogs\",\"method\":\"POST\",\"groupId\":\"catalog__v1__catalog\",\"acceptTokenIntendedForForeignApplication\":false},{\"path\":\"customer-v1/catalogs/*/fields/*\",\"method\":\"DELETE\",\"groupId\":\"catalog__v1__catalog\",\"acceptTokenIntendedForForeignApplication\":false},{\"path\":\"customer-v1/catalogs/*\",\"method\":\"GET\",\"groupId\":\"catalog__v1__catalog\",\"acceptTokenIntendedForForeignApplication\":false},{\"path\":\"customer-v1/catalogs/*\",\"method\":\"DELETE\",\"groupId\":\"catalog__v1__catalog\",\"acceptTokenIntendedForForeignApplication\":false},{\"path\":\"customer-v1/catalogs/*/fields/*\",\"method\":\"PUT\",\"groupId\":\"catalog__v1__catalog\",\"acceptTokenIntendedForForeignApplication\":false},{\"path\":\"customer-v1/catalogs\",\"method\":\"GET\",\"groupId\":\"catalog__v1__catalog\",\"acceptTokenIntendedForForeignApplication\":false}]}}",,,True
identity-v1,2018-01-24,2018-01-24 14:18:35.900+0000,"{\"instance\":{\"identifier\":\"customer__v1__customer\",\"permittables\":[{\"path\":\"customer-v1/customers/*/address\",\"method\":\"PUT\",\"groupId\":\"customer__v1__customer\",\"acceptTokenIntendedForForeignApplication\":false},{\"path\":\"customer-v1/customers\",\"method\":\"POST\",\"groupId\":\"customer__v1__customer\",\"acceptTokenIntendedForForeignApplication\":false},{\"path\":\"customer-v1/customers/*/commands\",\"method\":\"POST\",\"groupId\":\"customer__v1__customer\",\"acceptTokenIntendedForForeignApplication\":false},{\"path\":\"customer-v1/customers\",\"method\":\"GET\",\"groupId\":\"customer__v1__customer\",\"acceptTokenIntendedForForeignApplication\":false},{\"path\":\"customer-v1/customers/*\",\"method\":\"GET\",\"groupId\":\"customer__v1__customer\",\"acceptTokenIntendedForForeignApplication\":false},{\"path\":\"customer-v1/customers/*\",\"method\":\"PUT\",\"groupId\":\"customer__v1__customer\",\"acceptTokenIntendedForForeignApplication\":false},{\"path\":\"customer-v1/customers/*/actions\",\"method\":\"GET\",\"groupId\":\"customer__v1__customer\",\"acceptTokenIntendedForForeignApplication\":false},{\"path\":\"customer-v1/customers/*/commands\",\"method\":\"GET\",\"groupId\":\"customer__v1__customer\",\"acceptTokenIntendedForForeignApplication\":false},{\"path\":\"customer-v1/customers/*/tasks/*\",\"method\":\"POST\",\"groupId\":\"customer__v1__customer\",\"acceptTokenIntendedForForeignApplication\":false},{\"path\":\"customer-v1/customers/*/contact\",\"method\":\"PUT\",\"groupId\":\"customer__v1__customer\",\"acceptTokenIntendedForForeignApplication\":false},{\"path\":\"customer-v1/customers/*/tasks/*\",\"method\":\"PUT\",\"groupId\":\"customer__v1__customer\",\"acceptTokenIntendedForForeignApplication\":false},{\"path\":\"customer-v1/customers/*/tasks\",\"method\":\"GET\",\"groupId\":\"customer__v1__customer\",\"acceptTokenIntendedForForeignApplication\":false}]}}",,,True
identity-v1,2018-01-24,2018-01-24 14:18:35.930+0000,"{\"instance\":{\"identifier\":\"customer__v1__task\",\"permittables\":[{\"path\":\"customer-v1/tasks/*\",\"method\":\"GET\",\"groupId\":\"customer__v1__task\",\"acceptTokenIntendedForForeignApplication\":false},{\"path\":\"customer-v1/tasks\",\"method\":\"POST\",\"groupId\":\"customer__v1__task\",\"acceptTokenIntendedForForeignApplication\":false},{\"path\":\"customer-v1/tasks\",\"method\":\"GET\",\"groupId\":\"customer__v1__task\",\"acceptTokenIntendedForForeignApplication\":false},{\"path\":\"customer-v1/tasks/*\",\"method\":\"PUT\",\"groupId\":\"customer__v1__task\",\"acceptTokenIntendedForForeignApplication\":false}]}}",,,True
identity-v1,2018-01-24,2018-01-24 14:19:09.852+0000,"{\"applicationIdentifier\":\"customer-v1\",\"keyTimestamp\":\"2018-01-24T14_16_32\",\"signature\":{\"publicKeyMod\":16345122400146212915385492014557281866151140124624409070702445180893793025805689529563593517064843512809123032034803753433292635603064421248666774184945251066069800780849674039511468138403666861246813270944191239323432713054854832853549050771129343377344570596083873833484459927082092684934411932883956988368366602187862295207099473711531719067642535001810632502652754338066980049992521679507309660656976322979281145786985790656948813294669815508742884406102394778913144753215435013384468198037198049438932759929895217455769812174837124798901512036832160050876628853806109194840262780486766444151587285147374997016543,\"publicKeyExp\":65537}}",,,True
identity-v1,2018-01-24,2018-01-24 14:19:12.086+0000,"{\"instance\":{\"identifier\":\"deposit__v1__instance\",\"permittables\":[{\"path\":\"deposit-v1/definitions/*/instances\",\"method\":\"GET\",\"groupId\":\"deposit__v1__instance\",\"acceptTokenIntendedForForeignApplication\":false},{\"path\":\"deposit-v1/instances/*\",\"method\":\"GET\",\"groupId\":\"deposit__v1__instance\",\"acceptTokenIntendedForForeignApplication\":false},{\"path\":\"deposit-v1/instances\",\"method\":\"POST\",\"groupId\":\"deposit__v1__instance\",\"acceptTokenIntendedForForeignApplication\":false},{\"path\":\"deposit-v1/instances/*\",\"method\":\"PUT\",\"groupId\":\"deposit__v1__instance\",\"acceptTokenIntendedForForeignApplication\":false},{\"path\":\"deposit-v1/instances/*\",\"method\":\"POST\",\"groupId\":\"deposit__v1__instance\",\"acceptTokenIntendedForForeignApplication\":false},{\"path\":\"deposit-v1/instances\",\"method\":\"GET\",\"groupId\":\"deposit__v1__instance\",\"acceptTokenIntendedForForeignApplication\":false},{\"path\":\"deposit-v1/instances/transactiontypes\",\"method\":\"GET\",\"groupId\":\"deposit__v1__instance\",\"acceptTokenIntendedForForeignApplication\":false}]}}",,,True
identity-v1,2018-01-24,2018-01-24 14:19:12.100+0000,"{\"instance\":{\"identifier\":\"deposit__v1__khepri\",\"permittables\":[{\"path\":\"deposit-v1/beatlistener/v1/publishedbeats\",\"method\":\"POST\",\"groupId\":\"deposit__v1__khepri\",\"acceptTokenIntendedForForeignApplication\":false}]}}",,,True
identity-v1,2018-01-24,2018-01-24 14:19:12.149+0000,"{\"instance\":{\"identifier\":\"deposit__v1__definition\",\"permittables\":[{\"path\":\"deposit-v1/actions\",\"method\":\"POST\",\"groupId\":\"deposit__v1__definition\",\"acceptTokenIntendedForForeignApplication\":false},{\"path\":\"deposit-v1/actions\",\"method\":\"GET\",\"groupId\":\"deposit__v1__definition\",\"acceptTokenIntendedForForeignApplication\":false},{\"path\":\"deposit-v1/definitions\",\"method\":\"POST\",\"groupId\":\"deposit__v1__definition\",\"acceptTokenIntendedForForeignApplication\":false},{\"path\":\"deposit-v1/definitions/*/commands\",\"method\":\"POST\",\"groupId\":\"deposit__v1__definition\",\"acceptTokenIntendedForForeignApplication\":false},{\"path\":\"deposit-v1/definitions/*\",\"method\":\"DELETE\",\"groupId\":\"deposit__v1__definition\",\"acceptTokenIntendedForForeignApplication\":false},{\"path\":\"deposit-v1/definitions/*/dividends\",\"method\":\"POST\",\"groupId\":\"deposit__v1__definition\",\"acceptTokenIntendedForForeignApplication\":false},{\"path\":\"deposit-v1/definitions/*/dividends\",\"method\":\"GET\",\"groupId\":\"deposit__v1__definition\",\"acceptTokenIntendedForForeignApplication\":false},{\"path\":\"deposit-v1/definitions\",\"method\":\"GET\",\"groupId\":\"deposit__v1__definition\",\"acceptTokenIntendedForForeignApplication\":false},{\"path\":\"deposit-v1/definitions/*/commands\",\"method\":\"GET\",\"groupId\":\"deposit__v1__definition\",\"acceptTokenIntendedForForeignApplication\":false},{\"path\":\"deposit-v1/definitions/*\",\"method\":\"PUT\",\"groupId\":\"deposit__v1__definition\",\"acceptTokenIntendedForForeignApplication\":false},{\"path\":\"deposit-v1/definitions/*\",\"method\":\"GET\",\"groupId\":\"deposit__v1__definition\",\"acceptTokenIntendedForForeignApplication\":false}]}}",,,True
identity-v1,2018-01-24,2018-01-24 14:19:30.652+0000,"{\"applicationIdentifier\":\"deposit-v1\",\"keyTimestamp\":\"2018-01-24T14_16_32\",\"signature\":{\"publicKeyMod\":23556157820249124012691617479474437407890148429605975582059696018062681787096915313934671661481072914326154617549944393418692740114232983744720137732354594216306346540935714824695304398432839872651636119137178851951823695253052992492770779710613241377225350389976848573846399582445417199115288514412322811861181539672415189714309488155753632224596883963117540748399062280987103284945118849723698222885205720818558112453857088350328514620246314305747226882484244967695978990279524553983973154613483174988598860641648758871765231723475947603909623447932326044610537493855053151007457816055490595036483105687037357785089,\"publicKeyExp\":65537}}",,,True
identity-v1,2018-01-24,2018-01-24 14:19:32.826+0000,"{\"instance\":{\"identifier\":\"teller__v1__operation\",\"permittables\":[{\"path\":\"teller-v1/teller/*/transactions\",\"method\":\"GET\",\"groupId\":\"teller__v1__operation\",\"acceptTokenIntendedForForeignApplication\":false},{\"path\":\"teller-v1/teller/*\",\"method\":\"POST\",\"groupId\":\"teller__v1__operation\",\"acceptTokenIntendedForForeignApplication\":false},{\"path\":\"teller-v1/teller/*/transactions\",\"method\":\"POST\",\"groupId\":\"teller__v1__operation\",\"acceptTokenIntendedForForeignApplication\":false},{\"path\":\"teller-v1/teller/*/drawer\",\"method\":\"POST\",\"groupId\":\"teller__v1__operation\",\"acceptTokenIntendedForForeignApplication\":false},{\"path\":\"teller-v1/teller/*/transactions/*\",\"method\":\"POST\",\"groupId\":\"teller__v1__operation\",\"acceptTokenIntendedForForeignApplication\":false}]}}",,,True
identity-v1,2018-01-24,2018-01-24 14:19:32.920+0000,"{\"instance\":{\"identifier\":\"teller__v1__management\",\"permittables\":[{\"path\":\"teller-v1/offices/*/teller/*\",\"method\":\"GET\",\"groupId\":\"teller__v1__management\",\"acceptTokenIntendedForForeignApplication\":false},{\"path\":\"teller-v1/offices/*/teller\",\"method\":\"POST\",\"groupId\":\"teller__v1__management\",\"acceptTokenIntendedForForeignApplication\":false},{\"path\":\"teller-v1/offices/*/teller/*\",\"method\":\"PUT\",\"groupId\":\"teller__v1__management\",\"acceptTokenIntendedForForeignApplication\":false},{\"path\":\"teller-v1/offices/*/teller/*/denominations\",\"method\":\"POST\",\"groupId\":\"teller__v1__management\",\"acceptTokenIntendedForForeignApplication\":false},{\"path\":\"teller-v1/offices/*/teller/*/denominations\",\"method\":\"GET\",\"groupId\":\"teller__v1__management\",\"acceptTokenIntendedForForeignApplication\":false},{\"path\":\"teller-v1/offices/*/teller\",\"method\":\"GET\",\"groupId\":\"teller__v1__management\",\"acceptTokenIntendedForForeignApplication\":false},{\"path\":\"teller-v1/offices/*/teller/*/commands\",\"method\":\"POST\",\"groupId\":\"teller__v1__management\",\"acceptTokenIntendedForForeignApplication\":false},{\"path\":\"teller-v1/offices/*/teller/*\",\"method\":\"DELETE\",\"groupId\":\"teller__v1__management\",\"acceptTokenIntendedForForeignApplication\":false},{\"path\":\"teller-v1/offices/*/teller/*/balance\",\"method\":\"GET\",\"groupId\":\"teller__v1__management\",\"acceptTokenIntendedForForeignApplication\":false}]}}",,,True
identity-v1,2018-01-24,2018-01-24 14:19:33.909+0000,{\"refreshToken\":\"Bearer eyJhbGciOiJSUzUxMiJ9.eyJpc3MiOiJyaHl0aG0tdjEiLCJzdWIiOiJpbWhvdGVwIiwiL21pZm9zLmlvL3NpZ25hdHVyZVRpbWVzdGFtcCI6IjIwMTgtMDEtMjRUMTRfMTZfMzIiLCJpYXQiOjE1MTY4MDM1NzMsImV4cCI6MTUxNjgwMzYzMywiL21pZm9zLmlvL2VuZHBvaW50U2V0Ijoicmh5dGhtX192MV9faWRlbnRpdHlfX3YxIn0.lPbtlMr5tLB9z6uTAYJpGAq7Sn_FSkI0RNgAOgSGiP0ERMYI7QKK57__LEp3JlgJvgwGA2O-H1pvogdBGizjlKApktjqExKRyzVQrTg__pZuHFITr3fhRC5WwllHev1F-CdD0Wo8FY2eKEoFk1hih2dBzvx30Qvn-3rhXjsl4y9zV-Ugdd49PgXi32iCShMoupTqEQNbn5xap24L0fh7QFgQJYlla5q9G2RMqRVUJqEIBPDPbNPolFtajIpLHAbQGZ6gb9oOh9ExIT3CMn3LGzniSp-4nNZz6cKXYm7A7W9dM2HO2MraVqfWuD5_0w1dJSEunHDgSs8xSH-UAmr5cA\"},,,True
identity-v1,2018-01-24,2018-01-24 14:19:34.020+0000,"{\"applicationIdentifer\":\"rhythm-v1\",\"permission\":{\"permittableEndpointGroupIdentifier\":\"deposit__v1__khepri\",\"allowedOperations\":[\"CHANGE\"]}}",,,True
identity-v1,2018-01-24,2018-01-24 14:19:46.095+0000,"{\"applicationIdentifier\":\"teller-v1\",\"keyTimestamp\":\"2018-01-24T14_16_32\",\"signature\":{\"publicKeyMod\":21928960050939897874081708685409903533120013047464211632576335125468354653046023423498700319162911463914266682727374029037561298429352429400147417797504064282500410003853290449208266446468018921433463395292740031959946972047737670197247438977638306685965009469424881774332735106178262600223056784335894163918033280352700145389346948376328201490692906450873282757931022689793334119382506901124470420744387900530680619923713524678522213954408123256876211902096946773533411341686058649076791114685144893948926932292234942146315243785187344785222171782217340289066396096547045324026106877273251381506171540183126403627077,\"publicKeyExp\":65537}}",,,True
identity-v1,2018-01-24,2018-01-24 14:19:48.516+0000,"{\"instance\":{\"identifier\":\"reporting__v1__general\",\"permittables\":[{\"path\":\"reporting-v1/categories/*/reports/*\",\"method\":\"POST\",\"groupId\":\"reporting__v1__general\",\"acceptTokenIntendedForForeignApplication\":false},{\"path\":\"reporting-v1/categories\",\"method\":\"GET\",\"groupId\":\"reporting__v1__general\",\"acceptTokenIntendedForForeignApplication\":false},{\"path\":\"reporting-v1/categories/*\",\"method\":\"GET\",\"groupId\":\"reporting__v1__general\",\"acceptTokenIntendedForForeignApplication\":false},{\"path\":\"reporting-v1/categories/*/definitions/*\",\"method\":\"GET\",\"groupId\":\"reporting__v1__general\",\"acceptTokenIntendedForForeignApplication\":false}]}}",,,True
identity-v1,2018-01-24,2018-01-24 14:19:56.841+0000,"{\"applicationIdentifier\":\"reporting-v1\",\"keyTimestamp\":\"2018-01-24T14_16_32\",\"signature\":{\"publicKeyMod\":21417151857173047212633297114016969677658372609659924661220839472738656528565731995292889420620751640872044441933989078758197917489568064435639612237575381461222883753585234081458144733042953440381023778963529373843160022416343004782463393344352687940180266512875057051800979649450556418080220458210548608717827429501926687937039901825514430815365667170487945014911856902662256586930919172175629921616194218682553828305490140296470225061836146113292511468788909525940658466080345108480432782993258516533700900392307110902036902253548382962632113187747213621016176194679121332851608971990800168682862510003433146489123,\"publicKeyExp\":65537}}",,,True
identity-v1,2018-01-24,2018-01-24 14:19:58.288+0000,"{\"instance\":{\"identifier\":\"cheques__v1__management\",\"permittables\":[{\"path\":\"cheques-v1/cheques/*\",\"method\":\"GET\",\"groupId\":\"cheques__v1__management\",\"acceptTokenIntendedForForeignApplication\":false},{\"path\":\"cheques-v1/cheques/*/commands\",\"method\":\"POST\",\"groupId\":\"cheques__v1__management\",\"acceptTokenIntendedForForeignApplication\":false},{\"path\":\"cheques-v1/cheques\",\"method\":\"GET\",\"groupId\":\"cheques__v1__management\",\"acceptTokenIntendedForForeignApplication\":false},{\"path\":\"cheques-v1/cheques\",\"method\":\"POST\",\"groupId\":\"cheques__v1__management\",\"acceptTokenIntendedForForeignApplication\":false}]}}",,,True
identity-v1,2018-01-24,2018-01-24 14:19:58.304+0000,"{\"instance\":{\"identifier\":\"cheques__v1__transaction\",\"permittables\":[{\"path\":\"cheques-v1/transactions\",\"method\":\"POST\",\"groupId\":\"cheques__v1__transaction\",\"acceptTokenIntendedForForeignApplication\":false},{\"path\":\"cheques-v1/micr/*\",\"method\":\"GET\",\"groupId\":\"cheques__v1__transaction\",\"acceptTokenIntendedForForeignApplication\":false}]}}",,,True
identity-v1,2018-01-24,2018-01-24 14:20:11.866+0000,"{\"applicationIdentifier\":\"cheques-v1\",\"keyTimestamp\":\"2018-01-24T14_16_32\",\"signature\":{\"publicKeyMod\":26982678088818876736131478504223527446288382124072348519068760287579541388659164800012545028354757171518776127645545383347154624569126677920725893782118623084579490058124786530556774664337100146649446485934744866495785700887507611148671181579100703274986164258123000950789919137542247923717367876185302860672097757802268465288758491561894142357958053024540414861950564670265025723650240016115700833116638851605621019837674866065784846990933003730952576207260070406880239703885376676242786212778411256902231349508155286054475884367794184324210769236694248054074619204829744571575982915874401745378797428285038085135429,\"publicKeyExp\":65537}}",,,True
identity-v1,2018-01-24,2018-01-24 14:20:13.177+0000,"{\"instance\":{\"identifier\":\"payroll__v1__configuration\",\"permittables\":[{\"path\":\"payroll-v1/customers/*/payroll\",\"method\":\"PUT\",\"groupId\":\"payroll__v1__configuration\",\"acceptTokenIntendedForForeignApplication\":false},{\"path\":\"payroll-v1/customers/*/payroll\",\"method\":\"GET\",\"groupId\":\"payroll__v1__configuration\",\"acceptTokenIntendedForForeignApplication\":false}]}}",,,True
identity-v1,2018-01-24,2018-01-24 14:20:13.203+0000,"{\"instance\":{\"identifier\":\"payroll__v1__distribution\",\"permittables\":[{\"path\":\"payroll-v1/distribution\",\"method\":\"POST\",\"groupId\":\"payroll__v1__distribution\",\"acceptTokenIntendedForForeignApplication\":false},{\"path\":\"payroll-v1/distribution/*/payments\",\"method\":\"GET\",\"groupId\":\"payroll__v1__distribution\",\"acceptTokenIntendedForForeignApplication\":false},{\"path\":\"payroll-v1/distribution\",\"method\":\"GET\",\"groupId\":\"payroll__v1__distribution\",\"acceptTokenIntendedForForeignApplication\":false}]}}",,,True
identity-v1,2018-01-24,2018-01-24 14:20:26.192+0000,"{\"applicationIdentifier\":\"payroll-v1\",\"keyTimestamp\":\"2018-01-24T14_16_32\",\"signature\":{\"publicKeyMod\":17082993200544678180906154719933116119621262649493826010645507136994340934182806280823048464534422083424767003713110719504724783559607981364769388091493027732749070334972491300001552187513674109585407032480077538339892097853623208567655829641212673927111707062325618318304348690864676752531120016792056422080858489660846471252759047798203142809401209865114810718711629162625057863562874088541287504650505915593812911397298357079784522320062276236384910222971018660186218866957420205089039071687277675844296930787001897005629360831933401112028638718131588639404311192064780809291745126472329195503496909076278558817381,\"publicKeyExp\":65537}}",,,True
identity-v1,2018-01-24,2018-01-24 14:20:26.210+0000,{\"useridentifier\":\"antony\"},,,True
identity-v1,2018-01-24,2018-01-24 14:20:26.408+0000,"{\"instance\":{\"identifier\":\"orgadmin\",\"permissions\":[{\"permittableEndpointGroupIdentifier\":\"office__v1__employees\",\"allowedOperations\":[\"CHANGE\",\"DELETE\",\"READ\"]},{\"permittableEndpointGroupIdentifier\":\"office__v1__offices\",\"allowedOperations\":[\"CHANGE\",\"DELETE\",\"READ\"]},{\"permittableEndpointGroupIdentifier\":\"identity__v1__users\",\"allowedOperations\":[\"CHANGE\",\"DELETE\",\"READ\"]},{\"permittableEndpointGroupIdentifier\":\"identity__v1__roles\",\"allowedOperations\":[\"CHANGE\",\"DELETE\",\"READ\"]},{\"permittableEndpointGroupIdentifier\":\"identity__v1__self\",\"allowedOperations\":[\"CHANGE\",\"DELETE\",\"READ\"]},{\"permittableEndpointGroupIdentifier\":\"accounting__v1__ledger\",\"allowedOperations\":[\"CHANGE\",\"DELETE\",\"READ\"]},{\"permittableEndpointGroupIdentifier\":\"accounting__v1__account\",\"allowedOperations\":[\"CHANGE\",\"DELETE\",\"READ\"]}]}}",,,True
identity-v1,2018-01-24,2018-01-24 14:20:26.467+0000,"{\"identifier\":\"operator\",\"role\":\"orgadmin\"}",,,True
identity-v1,2018-01-24,2018-01-24 14:20:26.537+0000,{\"useridentifier\":\"operator\"},,,True
identity-v1,2018-01-24,2018-01-24 14:20:26.643+0000,{\"identifier\":\"operator\"},,,True
identity-v1,2018-01-24,2018-01-24 14:20:26.679+0000,{\"useridentifier\":\"operator\"},,,True
identity-v1,2018-01-24,2018-01-24 14:26:11.142+0000,{\"refreshToken\":\"Bearer eyJhbGciOiJSUzUxMiJ9.eyJpc3MiOiJyaHl0aG0tdjEiLCJzdWIiOiJpbWhvdGVwIiwiL21pZm9zLmlvL3NpZ25hdHVyZVRpbWVzdGFtcCI6IjIwMTgtMDEtMjRUMTRfMTZfMzIiLCJpYXQiOjE1MTY4MDM5NzEsImV4cCI6MTUxNjgwNDAzMX0.Nd8y2L8V-4I0Hox59i-wiJvgq84q6_uQr1BPaLS4d-vcKiC7CovaxcYVRc_-2juqQBg6U61pxMtxAO_DkeCVOig-9KdgWsH94K_dhBzBe7N0PljCmpkoJCvt5cVPLNSwn7UbxZnHYBvXS5_8czXiFjGi_QeWGgBG4AUEelJgw1ju6T3LF9WrS3hCj0NqkksVpsmpLXgrh1_vRmJowO6d5jeWrwAUclxOZlEeOV7b5eEyVM0oYuqnazwhjdHWBCZQtcoycubQP814VfRnhFCmcHA0WV_76qzHxSWFqQyaKEN7Q1jzc9mSR1rXedbf3OYPq5nXcgV7MJYSrogo4jv-aA\"},,,True
identity-v1,2018-01-24,2018-01-24 14:36:17.661+0000,{\"refreshToken\":\"Bearer eyJhbGciOiJSUzUxMiJ9.eyJpc3MiOiJyaHl0aG0tdjEiLCJzdWIiOiJpbWhvdGVwIiwiL21pZm9zLmlvL3NpZ25hdHVyZVRpbWVzdGFtcCI6IjIwMTgtMDEtMjRUMTRfMTZfMzIiLCJpYXQiOjE1MTY4MDQ1NzcsImV4cCI6MTUxNjgwNDYzN30.AeTAV4VekYCaCdaWaTJpyetvtFVbHRIRaX1WLsuBwA_jI3t5ucGtsEbLWZQ_4JMefS0O3y1s9CVlweXM9mLnMTCvxuR4l1Xcb49pCxPm4nls4wmv9VTv9kVPjMwaI36AmaywrWOWXxrNzM5fnrc_YIeqe4S3pbj0Q-G3YJjHV3zATdk6r6wIcmUUAHy5Y5uWozkqUCTOGahPcP9ru4Fkzd0Ok56bvbg6TKgC-yCWIYxiGTBDWewSkeOnxSc-gQfwkNTpNvv-zV_5HcOJ7TtdOCfvLzdl8TWskylVZ3RK6lMi5j6O7EgZyGsXrgSDoscTjL2qCnuFCMzvCAU5GBx6yg\"},,,True
identity-v1,2018-01-24,2018-01-24 14:46:10.895+0000,{\"refreshToken\":\"Bearer eyJhbGciOiJSUzUxMiJ9.eyJpc3MiOiJyaHl0aG0tdjEiLCJzdWIiOiJpbWhvdGVwIiwiL21pZm9zLmlvL3NpZ25hdHVyZVRpbWVzdGFtcCI6IjIwMTgtMDEtMjRUMTRfMTZfMzIiLCJpYXQiOjE1MTY4MDUxNzAsImV4cCI6MTUxNjgwNTIzMH0.Lgo0BTJIT6Zpn2CWn-jXQr0p2pZrMyvC3HiLynwgUGyqVK6o__Ubm8kl1N1SApAgPvVqLhOeVo9d5Hpbx-TxCVArVGG1fSeK7n3OJZUaV-UIqJD5iGAM_bwb6rPNUf-Xw43DA7BAmBazzoffyVd2lVQxIB7024BZwzuVTrUBEg8aLpgkPWDpcAFhWTlNCX_1ZxvU7VzukJ9i-JeXz1fQs73SxqPz-CK1zLR4_kkpll1LFFtouf6Vhhj-935Ft7DZHmrUdrXkiF3wagR2qp4ES817eqfQT-GL9YUUIx-VIpttT-sCapoxn4OS7q1uTuwG629AJ7MPb9pl7xzB72SSdw\"},,,True
identity-v1,2018-01-24,2018-01-24 14:56:10.915+0000,{\"refreshToken\":\"Bearer eyJhbGciOiJSUzUxMiJ9.eyJpc3MiOiJyaHl0aG0tdjEiLCJzdWIiOiJpbWhvdGVwIiwiL21pZm9zLmlvL3NpZ25hdHVyZVRpbWVzdGFtcCI6IjIwMTgtMDEtMjRUMTRfMTZfMzIiLCJpYXQiOjE1MTY4MDU3NzAsImV4cCI6MTUxNjgwNTgzMH0.QNTgQ_C_LdV2ZImXqLMdBJrc9uBkNSWZlqYA2K5paUTj-vRB0G2_3YLZHlS6lPgFhBoZEMJ0OeZ1ZJ7g6VUPsSdcTjLSElv34kps0NaM8XBfA-sHGYQByARZwbUlW_BqIdD_mBCseUobdqInjQOfoN2wXW0ggsYvxWX_t13V20FlpwDcXhGgfSKcXgE5CX_J-KSsqq2rw2D-12i0LW0-IyIEoSYQ9N1qwnMbIkx5ANc3r9CnAnIEKL-yAKGBOl3caYdhoX12iI6amfoivYaqNsSQbXZezqpemxdRMkunCms-GDTFX8XrZp5hRBAfslLV_g1p9elZqoTw1kxMpMwn4A\"},,,True
identity-v1,2018-01-24,2018-01-24 15:06:16.569+0000,{\"refreshToken\":\"Bearer eyJhbGciOiJSUzUxMiJ9.eyJpc3MiOiJyaHl0aG0tdjEiLCJzdWIiOiJpbWhvdGVwIiwiL21pZm9zLmlvL3NpZ25hdHVyZVRpbWVzdGFtcCI6IjIwMTgtMDEtMjRUMTRfMTZfMzIiLCJpYXQiOjE1MTY4MDYzNzYsImV4cCI6MTUxNjgwNjQzNn0.TbgK81J0XZiYnNPGaxcFeNxbCx5lZW0rZq3Lze4rvlAzGKUWwsIdJW9TDXD0fy5B0yX6c_l2Imb0aGGIDdX0WqduzWC70jWIqyuLOhiCQAJGrgZwIgKEdN_kq9xg1iHfj8yfsWOWp61xHE0kQUt-3WYmNt2CQUHvlds_RnISoI-B9R0i4O9jqmW-nO9BA-UoYae0mXutBZpJrYcwCwtoCP4ahd_9Bd1Arnt65zmEgLGZrmA6Ou-Rv5MYZaNmdMeuCFBCcqY2OOYm1ZfGsTFOhSXsKpSUqBWB8oMV6evAIpTlCCkx_oMPGofO9vUCiy0rrq5VxaYJZ2bSHEOqeOHrEw\"},,,True
identity-v1,2018-01-24,2018-01-24 15:16:10.818+0000,{\"refreshToken\":\"Bearer eyJhbGciOiJSUzUxMiJ9.eyJpc3MiOiJyaHl0aG0tdjEiLCJzdWIiOiJpbWhvdGVwIiwiL21pZm9zLmlvL3NpZ25hdHVyZVRpbWVzdGFtcCI6IjIwMTgtMDEtMjRUMTRfMTZfMzIiLCJpYXQiOjE1MTY4MDY5NzAsImV4cCI6MTUxNjgwNzAzMH0.sqtqIM7F9XcD0Dr1YYqmwH3L6nvW3VeY66toeycqdKL0PGnBRsAH3OKMe2PaCb7L6oQpRDXaiZU_pljebLjwok2-Eg5bxq1pPn4oo3f2G7qrEdWIBNWisY0RQ7_Ty_fWpyi99V1d9b9K2FDoV1L1mg5LQXHmbTfB9F3wAbJMRBD1m-DuY-NPJJ8CJdTiIMxX0tyI8Pi7udzF7edjyDWM3lWzCsnQ25MwQAfl0RcLr2N67vO13Ed3QYfud4m0aLoRaTxDFUSKiS_T_YcglTsIrEbMxmR8WSepCKIcwPtaDmv5Pz4Ggun8qH9VhPjIfTOR5qa-Y_O-PMmDHBn89Gr1Kw\"},,,True
deposit-v1,2018-01-24,2018-01-24 14:19:30.736+0000,{},,,True
accounting-v1,2018-01-24,2018-01-24 14:17:52.499+0000,{},,,True
accounting-v1,2018-01-24,2018-01-24 14:20:28.218+0000,"{\"ledger\":{\"type\":\"REVENUE\",\"identifier\":\"1000\",\"name\":\"1000\",\"description\":\"Income\",\"showAccountsInChart\":true}}",,,True
accounting-v1,2018-01-24,2018-01-24 14:20:30.144+0000,"{\"parentLedgerIdentifier\":\"1000\",\"subLedger\":{\"type\":\"REVENUE\",\"identifier\":\"1100\",\"name\":\"1100\",\"description\":\"Income from Loans\",\"parentLedgerIdentifier\":\"1000\",\"showAccountsInChart\":true}}",,,True
accounting-v1,2018-01-24,2018-01-24 14:20:31.217+0000,"{\"parentLedgerIdentifier\":\"1000\",\"subLedger\":{\"type\":\"REVENUE\",\"identifier\":\"1200\",\"name\":\"1200\",\"description\":\"Investment Income\",\"parentLedgerIdentifier\":\"1000\",\"showAccountsInChart\":true}}",,,True
accounting-v1,2018-01-24,2018-01-24 14:20:32.256+0000,"{\"parentLedgerIdentifier\":\"1000\",\"subLedger\":{\"type\":\"REVENUE\",\"identifier\":\"1300\",\"name\":\"1300\",\"description\":\"Fees and Charges\",\"parentLedgerIdentifier\":\"1000\",\"showAccountsInChart\":true}}",,,True
accounting-v1,2018-01-24,2018-01-24 14:20:33.295+0000,"{\"parentLedgerIdentifier\":\"1000\",\"subLedger\":{\"type\":\"REVENUE\",\"identifier\":\"1400\",\"name\":\"1400\",\"description\":\"Gain (Loss) on Sale of Loans\",\"parentLedgerIdentifier\":\"1000\",\"showAccountsInChart\":true}}",,,True
accounting-v1,2018-01-24,2018-01-24 14:20:34.343+0000,"{\"parentLedgerIdentifier\":\"1000\",\"subLedger\":{\"type\":\"REVENUE\",\"identifier\":\"1500\",\"name\":\"1500\",\"description\":\"Miscellaneouse Income\",\"parentLedgerIdentifier\":\"1000\",\"showAccountsInChart\":true}}",,,True
accounting-v1,2018-01-24,2018-01-24 14:20:35.395+0000,"{\"parentLedgerIdentifier\":\"1000\",\"subLedger\":{\"type\":\"REVENUE\",\"identifier\":\"1600\",\"name\":\"1600\",\"description\":\"Service Income on Loans\",\"parentLedgerIdentifier\":\"1000\",\"showAccountsInChart\":true}}",,,True
accounting-v1,2018-01-24,2018-01-24 14:20:36.431+0000,"{\"parentLedgerIdentifier\":\"1000\",\"subLedger\":{\"type\":\"REVENUE\",\"identifier\":\"1700\",\"name\":\"1700\",\"description\":\"Trading Profits \\u0026 Losses\",\"parentLedgerIdentifier\":\"1000\",\"showAccountsInChart\":true}}",,,True
accounting-v1,2018-01-24,2018-01-24 14:20:37.466+0000,"{\"ledger\":{\"type\":\"EXPENSE\",\"identifier\":\"2000\",\"name\":\"2000\",\"description\":\"Expenses\",\"showAccountsInChart\":true}}",,,True
accounting-v1,2018-01-24,2018-01-24 14:20:38.514+0000,"{\"parentLedgerIdentifier\":\"2000\",\"subLedger\":{\"type\":\"EXPENSE\",\"identifier\":\"2100\",\"name\":\"2100\",\"description\":\"Employee Compensation\",\"parentLedgerIdentifier\":\"2000\",\"showAccountsInChart\":true}}",,,True
accounting-v1,2018-01-24,2018-01-24 14:20:39.541+0000,"{\"parentLedgerIdentifier\":\"2000\",\"subLedger\":{\"type\":\"EXPENSE\",\"identifier\":\"2200\",\"name\":\"2200\",\"description\":\"Employee Benefits\",\"parentLedgerIdentifier\":\"2000\",\"showAccountsInChart\":true}}",,,True
accounting-v1,2018-01-24,2018-01-24 14:20:40.597+0000,"{\"parentLedgerIdentifier\":\"2000\",\"subLedger\":{\"type\":\"EXPENSE\",\"identifier\":\"2300\",\"name\":\"2300\",\"description\":\"Travel and Conference Expenses\",\"parentLedgerIdentifier\":\"2000\",\"showAccountsInChart\":true}}",,,True
accounting-v1,2018-01-24,2018-01-24 14:20:41.635+0000,"{\"parentLedgerIdentifier\":\"2000\",\"subLedger\":{\"type\":\"EXPENSE\",\"identifier\":\"2400\",\"name\":\"2400\",\"description\":\"Association Dues\",\"parentLedgerIdentifier\":\"2000\",\"showAccountsInChart\":true}}",,,True
accounting-v1,2018-01-24,2018-01-24 14:20:42.680+0000,"{\"parentLedgerIdentifier\":\"2000\",\"subLedger\":{\"type\":\"EXPENSE\",\"identifier\":\"2500\",\"name\":\"2500\",\"description\":\"Office Occupancy Expenses\",\"parentLedgerIdentifier\":\"2000\",\"showAccountsInChart\":true}}",,,True
accounting-v1,2018-01-24,2018-01-24 14:20:43.730+0000,"{\"parentLedgerIdentifier\":\"2000\",\"subLedger\":{\"type\":\"EXPENSE\",\"identifier\":\"2600\",\"name\":\"2600\",\"description\":\"Office Operations Expenses\",\"parentLedgerIdentifier\":\"2000\",\"showAccountsInChart\":true}}",,,True
accounting-v1,2018-01-24,2018-01-24 14:20:44.760+0000,"{\"parentLedgerIdentifier\":\"2000\",\"subLedger\":{\"type\":\"EXPENSE\",\"identifier\":\"2700\",\"name\":\"2700\",\"description\":\"Educational and Promotional Expenses\",\"parentLedgerIdentifier\":\"2000\",\"showAccountsInChart\":true}}",,,True
accounting-v1,2018-01-24,2018-01-24 14:20:45.801+0000,"{\"parentLedgerIdentifier\":\"2000\",\"subLedger\":{\"type\":\"EXPENSE\",\"identifier\":\"2800\",\"name\":\"2800\",\"description\":\"Loan Servicing Expenses\",\"parentLedgerIdentifier\":\"2000\",\"showAccountsInChart\":true}}",,,True
accounting-v1,2018-01-24,2018-01-24 14:20:46.870+0000,"{\"parentLedgerIdentifier\":\"2000\",\"subLedger\":{\"type\":\"EXPENSE\",\"identifier\":\"2900\",\"name\":\"2900\",\"description\":\"Professional and Outside Services\",\"parentLedgerIdentifier\":\"2000\",\"showAccountsInChart\":true}}",,,True
accounting-v1,2018-01-24,2018-01-24 14:20:47.896+0000,"{\"parentLedgerIdentifier\":\"2000\",\"subLedger\":{\"type\":\"EXPENSE\",\"identifier\":\"3000\",\"name\":\"3000\",\"description\":\"Provision for Loan Losses\",\"parentLedgerIdentifier\":\"2000\",\"showAccountsInChart\":true}}",,,True
accounting-v1,2018-01-24,2018-01-24 14:20:48.920+0000,"{\"parentLedgerIdentifier\":\"2000\",\"subLedger\":{\"type\":\"EXPENSE\",\"identifier\":\"3100\",\"name\":\"3100\",\"description\":\"Member Insurance\",\"parentLedgerIdentifier\":\"2000\",\"showAccountsInChart\":true}}",,,True
accounting-v1,2018-01-24,2018-01-24 14:20:49.953+0000,"{\"parentLedgerIdentifier\":\"2000\",\"subLedger\":{\"type\":\"EXPENSE\",\"identifier\":\"3220\",\"name\":\"3220\",\"description\":\"Federal Operating Fee\",\"parentLedgerIdentifier\":\"2000\",\"showAccountsInChart\":true}}",,,True
accounting-v1,2018-01-24,2018-01-24 14:20:51.007+0000,"{\"parentLedgerIdentifier\":\"2000\",\"subLedger\":{\"type\":\"EXPENSE\",\"identifier\":\"3300\",\"name\":\"3300\",\"description\":\"Cash Over and Short\",\"parentLedgerIdentifier\":\"2000\",\"showAccountsInChart\":true}}",,,True
accounting-v1,2018-01-24,2018-01-24 14:20:52.038+0000,"{\"parentLedgerIdentifier\":\"2000\",\"subLedger\":{\"type\":\"EXPENSE\",\"identifier\":\"3400\",\"name\":\"3400\",\"description\":\"Interest on Borrowed Money\",\"parentLedgerIdentifier\":\"2000\",\"showAccountsInChart\":true}}",,,True
accounting-v1,2018-01-24,2018-01-24 14:20:53.063+0000,"{\"parentLedgerIdentifier\":\"2000\",\"subLedger\":{\"type\":\"EXPENSE\",\"identifier\":\"3550\",\"name\":\"3550\",\"description\":\"Annual Meeting Expenses\",\"parentLedgerIdentifier\":\"2000\",\"showAccountsInChart\":true}}",,,True
accounting-v1,2018-01-24,2018-01-24 14:20:54.105+0000,"{\"parentLedgerIdentifier\":\"2000\",\"subLedger\":{\"type\":\"EXPENSE\",\"identifier\":\"3700\",\"name\":\"3700\",\"description\":\"Miscellaneous Operating Expenses\",\"parentLedgerIdentifier\":\"2000\",\"showAccountsInChart\":true}}",,,True
accounting-v1,2018-01-24,2018-01-24 14:20:55.159+0000,"{\"parentLedgerIdentifier\":\"2000\",\"subLedger\":{\"type\":\"EXPENSE\",\"identifier\":\"3800\",\"name\":\"3800\",\"description\":\"Interest (Dividend) Expense\",\"parentLedgerIdentifier\":\"2000\",\"showAccountsInChart\":true}}",,,True
accounting-v1,2018-01-24,2018-01-24 14:20:56.193+0000,"{\"ledger\":{\"type\":\"ASSET\",\"identifier\":\"7000\",\"name\":\"7000\",\"description\":\"Assets\",\"showAccountsInChart\":true}}",,,True
accounting-v1,2018-01-24,2018-01-24 14:20:57.230+0000,"{\"parentLedgerIdentifier\":\"7000\",\"subLedger\":{\"type\":\"ASSET\",\"identifier\":\"7010\",\"name\":\"7010\",\"description\":\"Loans to Members\",\"parentLedgerIdentifier\":\"7000\",\"showAccountsInChart\":true}}",,,True
accounting-v1,2018-01-24,2018-01-24 14:20:58.266+0000,"{\"parentLedgerIdentifier\":\"7000\",\"subLedger\":{\"type\":\"ASSET\",\"identifier\":\"7020\",\"name\":\"7020\",\"description\":\"Lines of Credit to Members\",\"parentLedgerIdentifier\":\"7000\",\"showAccountsInChart\":true}}",,,True
accounting-v1,2018-01-24,2018-01-24 14:20:59.293+0000,"{\"parentLedgerIdentifier\":\"7000\",\"subLedger\":{\"type\":\"ASSET\",\"identifier\":\"7030\",\"name\":\"7030\",\"description\":\"Real Estate Loans\",\"parentLedgerIdentifier\":\"7000\",\"showAccountsInChart\":true}}",,,True
accounting-v1,2018-01-24,2018-01-24 14:21:00.412+0000,"{\"parentLedgerIdentifier\":\"7000\",\"subLedger\":{\"type\":\"ASSET\",\"identifier\":\"7100\",\"name\":\"7100\",\"description\":\"Other Loans\",\"parentLedgerIdentifier\":\"7000\",\"showAccountsInChart\":true}}",,,True
accounting-v1,2018-01-24,2018-01-24 14:21:01.430+0000,"{\"parentLedgerIdentifier\":\"7000\",\"subLedger\":{\"type\":\"ASSET\",\"identifier\":\"7200\",\"name\":\"7200\",\"description\":\"Other Receivables\",\"parentLedgerIdentifier\":\"7000\",\"showAccountsInChart\":true}}",,,True
accounting-v1,2018-01-24,2018-01-24 14:21:02.481+0000,"{\"parentLedgerIdentifier\":\"7000\",\"subLedger\":{\"type\":\"ASSET\",\"identifier\":\"7300\",\"name\":\"7300\",\"description\":\"Cash Accounts\",\"parentLedgerIdentifier\":\"7000\",\"showAccountsInChart\":true}}",,,True
accounting-v1,2018-01-24,2018-01-24 14:21:03.560+0000,"{\"parentLedgerIdentifier\":\"7300\",\"subLedger\":{\"type\":\"ASSET\",\"identifier\":\"7310\",\"name\":\"7310\",\"description\":\"Bank account one\",\"parentLedgerIdentifier\":\"7300\",\"showAccountsInChart\":true}}",,,True
accounting-v1,2018-01-24,2018-01-24 14:21:04.611+0000,"{\"parentLedgerIdentifier\":\"7300\",\"subLedger\":{\"type\":\"ASSET\",\"identifier\":\"7311\",\"name\":\"7311\",\"description\":\"Bank account two\",\"parentLedgerIdentifier\":\"7300\",\"showAccountsInChart\":true}}",,,True
accounting-v1,2018-01-24,2018-01-24 14:21:05.641+0000,"{\"parentLedgerIdentifier\":\"7300\",\"subLedger\":{\"type\":\"ASSET\",\"identifier\":\"7350\",\"name\":\"7350\",\"description\":\"Change Fund\",\"parentLedgerIdentifier\":\"7300\",\"showAccountsInChart\":true}}",,,True
accounting-v1,2018-01-24,2018-01-24 14:21:06.683+0000,"{\"parentLedgerIdentifier\":\"7000\",\"subLedger\":{\"type\":\"ASSET\",\"identifier\":\"7400\",\"name\":\"7400\",\"description\":\"Investments\",\"parentLedgerIdentifier\":\"7000\",\"showAccountsInChart\":true}}",,,True
accounting-v1,2018-01-24,2018-01-24 14:21:07.733+0000,"{\"parentLedgerIdentifier\":\"7400\",\"subLedger\":{\"type\":\"ASSET\",\"identifier\":\"7420\",\"name\":\"7420\",\"description\":\"Federal Agency Securities\",\"parentLedgerIdentifier\":\"7400\",\"showAccountsInChart\":true}}",,,True
accounting-v1,2018-01-24,2018-01-24 14:21:08.782+0000,"{\"parentLedgerIdentifier\":\"7000\",\"subLedger\":{\"type\":\"ASSET\",\"identifier\":\"7500\",\"name\":\"7500\",\"description\":\"InvestmentsInvestment Allowance\",\"parentLedgerIdentifier\":\"7000\",\"showAccountsInChart\":true}}",,,True
accounting-v1,2018-01-24,2018-01-24 14:21:09.820+0000,"{\"parentLedgerIdentifier\":\"7000\",\"subLedger\":{\"type\":\"ASSET\",\"identifier\":\"7600\",\"name\":\"7600\",\"description\":\"Prepaid Expenses and Deferred Charges\",\"parentLedgerIdentifier\":\"7000\",\"showAccountsInChart\":true}}",,,True
accounting-v1,2018-01-24,2018-01-24 14:21:10.860+0000,"{\"parentLedgerIdentifier\":\"7000\",\"subLedger\":{\"type\":\"ASSET\",\"identifier\":\"7700\",\"name\":\"7700\",\"description\":\"Fixed Assets\",\"parentLedgerIdentifier\":\"7000\",\"showAccountsInChart\":true}}",,,True
accounting-v1,2018-01-24,2018-01-24 14:21:11.903+0000,"{\"parentLedgerIdentifier\":\"7000\",\"subLedger\":{\"type\":\"ASSET\",\"identifier\":\"7800\",\"name\":\"7800\",\"description\":\"Accrued Income\",\"parentLedgerIdentifier\":\"7000\",\"showAccountsInChart\":true}}",,,True
accounting-v1,2018-01-24,2018-01-24 14:21:12.924+0000,"{\"parentLedgerIdentifier\":\"7000\",\"subLedger\":{\"type\":\"ASSET\",\"identifier\":\"7900\",\"name\":\"7900\",\"description\":\"Other Assets\",\"parentLedgerIdentifier\":\"7000\",\"showAccountsInChart\":true}}",,,True
accounting-v1,2018-01-24,2018-01-24 14:21:13.969+0000,"{\"ledger\":{\"type\":\"LIABILITY\",\"identifier\":\"8000\",\"name\":\"8000\",\"description\":\"Accounts Payable\",\"showAccountsInChart\":true}}",,,True
accounting-v1,2018-01-24,2018-01-24 14:21:15.019+0000,"{\"parentLedgerIdentifier\":\"8000\",\"subLedger\":{\"type\":\"LIABILITY\",\"identifier\":\"8100\",\"name\":\"8100\",\"description\":\"Accounts Payable\",\"parentLedgerIdentifier\":\"8000\",\"showAccountsInChart\":true}}",,,True
accounting-v1,2018-01-24,2018-01-24 14:21:16.071+0000,"{\"parentLedgerIdentifier\":\"8000\",\"subLedger\":{\"type\":\"LIABILITY\",\"identifier\":\"8200\",\"name\":\"8200\",\"description\":\"Interest Payable\",\"parentLedgerIdentifier\":\"8000\",\"showAccountsInChart\":true}}",,,True
accounting-v1,2018-01-24,2018-01-24 14:21:17.102+0000,"{\"parentLedgerIdentifier\":\"8000\",\"subLedger\":{\"type\":\"LIABILITY\",\"identifier\":\"8400\",\"name\":\"8400\",\"description\":\"Taxes Payable\",\"parentLedgerIdentifier\":\"8000\",\"showAccountsInChart\":true}}",,,True
accounting-v1,2018-01-24,2018-01-24 14:21:18.145+0000,"{\"parentLedgerIdentifier\":\"8000\",\"subLedger\":{\"type\":\"LIABILITY\",\"identifier\":\"8500\",\"name\":\"8500\",\"description\":\"Accrued Expenses\",\"parentLedgerIdentifier\":\"8000\",\"showAccountsInChart\":true}}",,,True
accounting-v1,2018-01-24,2018-01-24 14:21:19.183+0000,"{\"ledger\":{\"type\":\"EQUITY\",\"identifier\":\"9000\",\"name\":\"9000\",\"description\":\"Equity\",\"showAccountsInChart\":true}}",,,True
accounting-v1,2018-01-24,2018-01-24 14:21:20.212+0000,"{\"parentLedgerIdentifier\":\"9000\",\"subLedger\":{\"type\":\"EQUITY\",\"identifier\":\"9100\",\"name\":\"9100\",\"description\":\"Member Savings\",\"parentLedgerIdentifier\":\"9000\",\"showAccountsInChart\":true}}",,,True
accounting-v1,2018-01-24,2018-01-24 14:21:21.262+0000,"{\"parentLedgerIdentifier\":\"9000\",\"subLedger\":{\"type\":\"EQUITY\",\"identifier\":\"9300\",\"name\":\"9300\",\"description\":\"Reserves\",\"parentLedgerIdentifier\":\"9000\",\"showAccountsInChart\":true}}",,,True
accounting-v1,2018-01-24,2018-01-24 14:21:22.299+0000,"{\"parentLedgerIdentifier\":\"9000\",\"subLedger\":{\"type\":\"EQUITY\",\"identifier\":\"9400\",\"name\":\"9400\",\"description\":\"Undivided Earnings\",\"parentLedgerIdentifier\":\"9000\",\"showAccountsInChart\":true}}",,,True
accounting-v1,2018-01-24,2018-01-24 14:21:23.324+0000,"{\"parentLedgerIdentifier\":\"9000\",\"subLedger\":{\"type\":\"EQUITY\",\"identifier\":\"9550\",\"name\":\"9550\",\"description\":\"Donated Equity\",\"parentLedgerIdentifier\":\"9000\",\"showAccountsInChart\":true}}",,,True
accounting-v1,2018-01-24,2018-01-24 14:21:24.364+0000,"{\"parentLedgerIdentifier\":\"9000\",\"subLedger\":{\"type\":\"EQUITY\",\"identifier\":\"9560\",\"name\":\"9560\",\"description\":\"Net Income (Loss)\",\"parentLedgerIdentifier\":\"9000\",\"showAccountsInChart\":true}}",,,True
accounting-v1,2018-01-24,2018-01-24 14:21:27.393+0000,"{\"account\":{\"type\":\"REVENUE\",\"identifier\":\"1101\",\"name\":\"Interest on Business Loans\",\"holders\":[],\"signatureAuthorities\":[],\"balance\":0.0,\"ledger\":\"1100\"}}",,,True
accounting-v1,2018-01-24,2018-01-24 14:21:27.421+0000,"{\"account\":{\"type\":\"REVENUE\",\"identifier\":\"1102\",\"name\":\"Interest on Agriculture Loans\",\"holders\":[],\"signatureAuthorities\":[],\"balance\":0.0,\"ledger\":\"1100\"}}",,,True
accounting-v1,2018-01-24,2018-01-24 14:21:27.450+0000,"{\"account\":{\"type\":\"REVENUE\",\"identifier\":\"1103\",\"name\":\"Interest on Consumer Loans\",\"holders\":[],\"signatureAuthorities\":[],\"balance\":0.0,\"ledger\":\"1100\"}}",,,True
accounting-v1,2018-01-24,2018-01-24 14:21:27.471+0000,"{\"account\":{\"type\":\"REVENUE\",\"identifier\":\"1104\",\"name\":\"Interest on Savings Secured\",\"holders\":[],\"signatureAuthorities\":[],\"balance\":0.0,\"ledger\":\"1100\"}}",,,True
accounting-v1,2018-01-24,2018-01-24 14:21:27.493+0000,"{\"account\":{\"type\":\"REVENUE\",\"identifier\":\"1105\",\"name\":\"Interest on Other Member Loans\",\"holders\":[],\"signatureAuthorities\":[],\"balance\":0.0,\"ledger\":\"1100\"}}",,,True
accounting-v1,2018-01-24,2018-01-24 14:21:27.515+0000,"{\"account\":{\"type\":\"REVENUE\",\"identifier\":\"1120\",\"name\":\"Interest on Lines of Credit\",\"holders\":[],\"signatureAuthorities\":[],\"balance\":0.0,\"ledger\":\"1100\"}}",,,True
accounting-v1,2018-01-24,2018-01-24 14:21:27.539+0000,"{\"account\":{\"type\":\"REVENUE\",\"identifier\":\"1121\",\"name\":\"Interest on Credit Cards\",\"holders\":[],\"signatureAuthorities\":[],\"balance\":0.0,\"ledger\":\"1100\"}}",,,True
accounting-v1,2018-01-24,2018-01-24 14:21:27.562+0000,"{\"account\":{\"type\":\"REVENUE\",\"identifier\":\"1140\",\"name\":\"Interest on Real Estate Loans\",\"holders\":[],\"signatureAuthorities\":[],\"balance\":0.0,\"ledger\":\"1100\"}}",,,True
accounting-v1,2018-01-24,2018-01-24 14:21:27.583+0000,"{\"account\":{\"type\":\"REVENUE\",\"identifier\":\"1190\",\"name\":\"Interest Refunds\",\"holders\":[],\"signatureAuthorities\":[],\"balance\":0.0,\"ledger\":\"1100\"}}",,,True
accounting-v1,2018-01-24,2018-01-24 14:21:27.607+0000,"{\"account\":{\"type\":\"REVENUE\",\"identifier\":\"1210\",\"name\":\"Income from Government Investments\",\"holders\":[],\"signatureAuthorities\":[],\"balance\":0.0,\"ledger\":\"1200\"}}",,,True
accounting-v1,2018-01-24,2018-01-24 14:21:27.629+0000,"{\"account\":{\"type\":\"REVENUE\",\"identifier\":\"1220\",\"name\":\"Income from Govenment Agency Securities\",\"holders\":[],\"signatureAuthorities\":[],\"balance\":0.0,\"ledger\":\"1200\"}}",,,True
accounting-v1,2018-01-24,2018-01-24 14:21:27.653+0000,"{\"account\":{\"type\":\"REVENUE\",\"identifier\":\"1230\",\"name\":\"Income from Savings/Deposits/Certificates\",\"holders\":[],\"signatureAuthorities\":[],\"balance\":0.0,\"ledger\":\"1200\"}}",,,True
accounting-v1,2018-01-24,2018-01-24 14:21:27.677+0000,"{\"account\":{\"type\":\"REVENUE\",\"identifier\":\"1290\",\"name\":\"Income from Other Investments\",\"holders\":[],\"signatureAuthorities\":[],\"balance\":0.0,\"ledger\":\"1200\"}}",,,True
accounting-v1,2018-01-24,2018-01-24 14:21:27.699+0000,"{\"account\":{\"type\":\"REVENUE\",\"identifier\":\"1310\",\"name\":\"Loan Origination Fees\",\"holders\":[],\"signatureAuthorities\":[],\"balance\":0.0,\"ledger\":\"1300\"}}",,,True
accounting-v1,2018-01-24,2018-01-24 14:21:27.726+0000,"{\"account\":{\"type\":\"REVENUE\",\"identifier\":\"1311\",\"name\":\"Loan Late Payment Fee\",\"holders\":[],\"signatureAuthorities\":[],\"balance\":0.0,\"ledger\":\"1300\"}}",,,True
accounting-v1,2018-01-24,2018-01-24 14:21:27.750+0000,"{\"account\":{\"type\":\"REVENUE\",\"identifier\":\"1312\",\"name\":\"Processing Fee\",\"holders\":[],\"signatureAuthorities\":[],\"balance\":0.0,\"ledger\":\"1300\"}}",,,True
accounting-v1,2018-01-24,2018-01-24 14:21:27.777+0000,"{\"account\":{\"type\":\"REVENUE\",\"identifier\":\"1313\",\"name\":\"Disbursement Fee\",\"holders\":[],\"signatureAuthorities\":[],\"balance\":0.0,\"ledger\":\"1300\"}}",,,True
accounting-v1,2018-01-24,2018-01-24 14:21:27.797+0000,"{\"account\":{\"type\":\"REVENUE\",\"identifier\":\"1320\",\"name\":\"Loan Refinance Fee\",\"holders\":[],\"signatureAuthorities\":[],\"balance\":0.0,\"ledger\":\"1300\"}}",,,True
accounting-v1,2018-01-24,2018-01-24 14:21:27.813+0000,"{\"account\":{\"type\":\"REVENUE\",\"identifier\":\"1390\",\"name\":\"Other Loan Fee\",\"holders\":[],\"signatureAuthorities\":[],\"balance\":0.0,\"ledger\":\"1300\"}}",,,True
accounting-v1,2018-01-24,2018-01-24 14:21:27.834+0000,"{\"account\":{\"type\":\"EXPENSE\",\"identifier\":\"2820\",\"name\":\"Collection Expenses\",\"holders\":[],\"signatureAuthorities\":[],\"balance\":0.0,\"ledger\":\"2800\"}}",,,True
accounting-v1,2018-01-24,2018-01-24 14:21:27.854+0000,"{\"account\":{\"type\":\"EXPENSE\",\"identifier\":\"2830\",\"name\":\"Recording FeesChattel Lien Insurance\",\"holders\":[],\"signatureAuthorities\":[],\"balance\":0.0,\"ledger\":\"2800\"}}",,,True
accounting-v1,2018-01-24,2018-01-24 14:21:27.874+0000,"{\"account\":{\"type\":\"EXPENSE\",\"identifier\":\"2840\",\"name\":\"Credit Reports\",\"holders\":[],\"signatureAuthorities\":[],\"balance\":0.0,\"ledger\":\"2800\"}}",,,True
accounting-v1,2018-01-24,2018-01-24 14:21:27.895+0000,"{\"account\":{\"type\":\"EXPENSE\",\"identifier\":\"2850\",\"name\":\"RefundsReal Estate Service Charges\",\"holders\":[],\"signatureAuthorities\":[],\"balance\":0.0,\"ledger\":\"2800\"}}",,,True
accounting-v1,2018-01-24,2018-01-24 14:21:27.920+0000,"{\"account\":{\"type\":\"EXPENSE\",\"identifier\":\"2860\",\"name\":\"Credit Card Program Expenses\",\"holders\":[],\"signatureAuthorities\":[],\"balance\":0.0,\"ledger\":\"2800\"}}",,,True
accounting-v1,2018-01-24,2018-01-24 14:21:27.940+0000,"{\"account\":{\"type\":\"EXPENSE\",\"identifier\":\"2870\",\"name\":\"Service Fees on Loans Purchased\",\"holders\":[],\"signatureAuthorities\":[],\"balance\":0.0,\"ledger\":\"2800\"}}",,,True
accounting-v1,2018-01-24,2018-01-24 14:21:27.961+0000,"{\"account\":{\"type\":\"EXPENSE\",\"identifier\":\"2890\",\"name\":\"Other Loan Servicing Expenses\",\"holders\":[],\"signatureAuthorities\":[],\"balance\":0.0,\"ledger\":\"2800\"}}",,,True
accounting-v1,2018-01-24,2018-01-24 14:21:27.981+0000,"{\"account\":{\"type\":\"EXPENSE\",\"identifier\":\"3010\",\"name\":\"Provision for Loan LossesConsumer Loans\",\"holders\":[],\"signatureAuthorities\":[],\"balance\":0.0,\"ledger\":\"3000\"}}",,,True
accounting-v1,2018-01-24,2018-01-24 14:21:28.004+0000,"{\"account\":{\"type\":\"EXPENSE\",\"identifier\":\"3020\",\"name\":\"Provision for Loan LossesLines of Credit\",\"holders\":[],\"signatureAuthorities\":[],\"balance\":0.0,\"ledger\":\"3000\"}}",,,True
accounting-v1,2018-01-24,2018-01-24 14:21:28.027+0000,"{\"account\":{\"type\":\"EXPENSE\",\"identifier\":\"3030\",\"name\":\"Provision for Loan LossesReal Estate Loans\",\"holders\":[],\"signatureAuthorities\":[],\"balance\":0.0,\"ledger\":\"3000\"}}",,,True
accounting-v1,2018-01-24,2018-01-24 14:21:28.048+0000,"{\"account\":{\"type\":\"EXPENSE\",\"identifier\":\"3040\",\"name\":\"Provision for Loan LossesOther Loans\",\"holders\":[],\"signatureAuthorities\":[],\"balance\":0.0,\"ledger\":\"3000\"}}",,,True
accounting-v1,2018-01-24,2018-01-24 14:21:28.069+0000,"{\"account\":{\"type\":\"EXPENSE\",\"identifier\":\"3090\",\"name\":\"Other Provision for Losses\",\"holders\":[],\"signatureAuthorities\":[],\"balance\":0.0,\"ledger\":\"3000\"}}",,,True
accounting-v1,2018-01-24,2018-01-24 14:21:28.090+0000,"{\"account\":{\"type\":\"EXPENSE\",\"identifier\":\"3110\",\"name\":\"Saving Insurance\",\"holders\":[],\"signatureAuthorities\":[],\"balance\":0.0,\"ledger\":\"3100\"}}",,,True
accounting-v1,2018-01-24,2018-01-24 14:21:28.110+0000,"{\"account\":{\"type\":\"EXPENSE\",\"identifier\":\"3120\",\"name\":\"Life Savings Insurance\",\"holders\":[],\"signatureAuthorities\":[],\"balance\":0.0,\"ledger\":\"3100\"}}",,,True
accounting-v1,2018-01-24,2018-01-24 14:21:28.131+0000,"{\"account\":{\"type\":\"EXPENSE\",\"identifier\":\"3130\",\"name\":\"Borrowers\\u0027 Insurance\",\"holders\":[],\"signatureAuthorities\":[],\"balance\":0.0,\"ledger\":\"3100\"}}",,,True
accounting-v1,2018-01-24,2018-01-24 14:21:28.150+0000,"{\"account\":{\"type\":\"EXPENSE\",\"identifier\":\"3190\",\"name\":\"Other Members\\u0027 Insurance\",\"holders\":[],\"signatureAuthorities\":[],\"balance\":0.0,\"ledger\":\"3100\"}}",,,True
accounting-v1,2018-01-24,2018-01-24 14:21:28.170+0000,"{\"account\":{\"type\":\"EXPENSE\",\"identifier\":\"3801\",\"name\":\"Share Dividend\",\"holders\":[],\"signatureAuthorities\":[],\"balance\":0.0,\"ledger\":\"3800\"}}",,,True
accounting-v1,2018-01-24,2018-01-24 14:21:28.188+0000,"{\"account\":{\"type\":\"EXPENSE\",\"identifier\":\"3810\",\"name\":\"Regular Saving Interest\",\"holders\":[],\"signatureAuthorities\":[],\"balance\":0.0,\"ledger\":\"3800\"}}",,,True
accounting-v1,2018-01-24,2018-01-24 14:21:28.210+0000,"{\"account\":{\"type\":\"EXPENSE\",\"identifier\":\"3820\",\"name\":\"Checking Interest\",\"holders\":[],\"signatureAuthorities\":[],\"balance\":0.0,\"ledger\":\"3800\"}}",,,True
accounting-v1,2018-01-24,2018-01-24 14:21:28.237+0000,"{\"account\":{\"type\":\"EXPENSE\",\"identifier\":\"3830\",\"name\":\"Club Account Interest\",\"holders\":[],\"signatureAuthorities\":[],\"balance\":0.0,\"ledger\":\"3800\"}}",,,True
accounting-v1,2018-01-24,2018-01-24 14:21:28.258+0000,"{\"account\":{\"type\":\"EXPENSE\",\"identifier\":\"3840\",\"name\":\"Saving Certificate Interest\",\"holders\":[],\"signatureAuthorities\":[],\"balance\":0.0,\"ledger\":\"3800\"}}",,,True
accounting-v1,2018-01-24,2018-01-24 14:21:28.278+0000,"{\"account\":{\"type\":\"EXPENSE\",\"identifier\":\"3890\",\"name\":\"Other Interest Expense\",\"holders\":[],\"signatureAuthorities\":[],\"balance\":0.0,\"ledger\":\"3800\"}}",,,True
accounting-v1,2018-01-24,2018-01-24 14:21:28.300+0000,"{\"account\":{\"type\":\"ASSET\",\"identifier\":\"7011\",\"name\":\"Commercial Loans\",\"holders\":[],\"signatureAuthorities\":[],\"balance\":0.0,\"ledger\":\"7000\"}}",,,True
accounting-v1,2018-01-24,2018-01-24 14:21:28.321+0000,"{\"account\":{\"type\":\"ASSET\",\"identifier\":\"7012\",\"name\":\"Agriculture Loans\",\"holders\":[],\"signatureAuthorities\":[],\"balance\":0.0,\"ledger\":\"7000\"}}",,,True
accounting-v1,2018-01-24,2018-01-24 14:21:28.343+0000,"{\"account\":{\"type\":\"ASSET\",\"identifier\":\"7013\",\"name\":\"Consumer Loans\",\"holders\":[],\"signatureAuthorities\":[],\"balance\":0.0,\"ledger\":\"7000\"}}",,,True
accounting-v1,2018-01-24,2018-01-24 14:21:28.366+0000,"{\"account\":{\"type\":\"ASSET\",\"identifier\":\"7014\",\"name\":\"Other Member Loans\",\"holders\":[],\"signatureAuthorities\":[],\"balance\":0.0,\"ledger\":\"7000\"}}",,,True
accounting-v1,2018-01-24,2018-01-24 14:21:28.391+0000,"{\"account\":{\"type\":\"ASSET\",\"identifier\":\"7015\",\"name\":\"Home Equity Loans\",\"holders\":[],\"signatureAuthorities\":[],\"balance\":0.0,\"ledger\":\"7000\"}}",,,True
accounting-v1,2018-01-24,2018-01-24 14:21:28.413+0000,"{\"account\":{\"type\":\"ASSET\",\"identifier\":\"7021\",\"name\":\"Lines of Credit to MembersCredit Cards\",\"holders\":[],\"signatureAuthorities\":[],\"balance\":0.0,\"ledger\":\"7000\"}}",,,True
accounting-v1,2018-01-24,2018-01-24 14:21:28.441+0000,"{\"account\":{\"type\":\"ASSET\",\"identifier\":\"7022\",\"name\":\"Lines of CreditCash Advances in Process\",\"holders\":[],\"signatureAuthorities\":[],\"balance\":0.0,\"ledger\":\"7000\"}}",,,True
accounting-v1,2018-01-24,2018-01-24 14:21:28.463+0000,"{\"account\":{\"type\":\"ASSET\",\"identifier\":\"7023\",\"name\":\"Net Origination Fees (Costs)Lines of Credit\",\"holders\":[],\"signatureAuthorities\":[],\"balance\":0.0,\"ledger\":\"7000\"}}",,,True
accounting-v1,2018-01-24,2018-01-24 14:21:28.485+0000,"{\"account\":{\"type\":\"ASSET\",\"identifier\":\"7024\",\"name\":\"Net Commitment Fees (Costs)Lines of Credit\",\"holders\":[],\"signatureAuthorities\":[],\"balance\":0.0,\"ledger\":\"7000\"}}",,,True
accounting-v1,2018-01-24,2018-01-24 14:21:28.515+0000,"{\"account\":{\"type\":\"ASSET\",\"identifier\":\"7031\",\"name\":\"Net Origination Fees (Costs)\",\"holders\":[],\"signatureAuthorities\":[],\"balance\":0.0,\"ledger\":\"7000\"}}",,,True
accounting-v1,2018-01-24,2018-01-24 14:21:28.537+0000,"{\"account\":{\"type\":\"ASSET\",\"identifier\":\"7070\",\"name\":\"LoansCollateral in Process of Liquidation\",\"holders\":[],\"signatureAuthorities\":[],\"balance\":0.0,\"ledger\":\"7000\"}}",,,True
accounting-v1,2018-01-24,2018-01-24 14:21:28.556+0000,"{\"account\":{\"type\":\"ASSET\",\"identifier\":\"7310.1\",\"name\":\"Bank account one general\",\"holders\":[],\"signatureAuthorities\":[],\"balance\":0.0,\"ledger\":\"7310\"}}",,,True
accounting-v1,2018-01-24,2018-01-24 14:21:28.579+0000,"{\"account\":{\"type\":\"ASSET\",\"identifier\":\"7310.2\",\"name\":\"Bank account one Pending Disbursal\",\"holders\":[],\"signatureAuthorities\":[],\"balance\":0.0,\"ledger\":\"7310\"}}",,,True
accounting-v1,2018-01-24,2018-01-24 14:21:28.601+0000,"{\"account\":{\"type\":\"ASSET\",\"identifier\":\"7311.1\",\"name\":\"Bank account two general\",\"holders\":[],\"signatureAuthorities\":[],\"balance\":0.0,\"ledger\":\"7310\"}}",,,True
accounting-v1,2018-01-24,2018-01-24 14:21:28.773+0000,"{\"account\":{\"type\":\"ASSET\",\"identifier\":\"7312\",\"name\":\"Petty Cash\",\"holders\":[],\"signatureAuthorities\":[],\"balance\":0.0,\"ledger\":\"7300\"}}",,,True
accounting-v1,2018-01-24,2018-01-24 14:21:28.805+0000,"{\"account\":{\"type\":\"ASSET\",\"identifier\":\"7351\",\"name\":\"Vault Cash\",\"holders\":[],\"signatureAuthorities\":[],\"balance\":0.0,\"ledger\":\"7300\"}}",,,True
accounting-v1,2018-01-24,2018-01-24 14:21:28.840+0000,"{\"account\":{\"type\":\"ASSET\",\"identifier\":\"7352\",\"name\":\"Teller One\",\"holders\":[],\"signatureAuthorities\":[],\"balance\":0.0,\"ledger\":\"7300\"}}",,,True
accounting-v1,2018-01-24,2018-01-24 14:21:28.869+0000,"{\"account\":{\"type\":\"ASSET\",\"identifier\":\"7353\",\"name\":\"Teller Two\",\"holders\":[],\"signatureAuthorities\":[],\"balance\":0.0,\"ledger\":\"7300\"}}",,,True
accounting-v1,2018-01-24,2018-01-24 14:21:28.894+0000,"{\"account\":{\"type\":\"ASSET\",\"identifier\":\"7354\",\"name\":\"Teller Three\",\"holders\":[],\"signatureAuthorities\":[],\"balance\":0.0,\"ledger\":\"7300\"}}",,,True
accounting-v1,2018-01-24,2018-01-24 14:21:28.923+0000,"{\"account\":{\"type\":\"ASSET\",\"identifier\":\"7810\",\"name\":\"Accrued Interest on Loans\",\"holders\":[],\"signatureAuthorities\":[],\"balance\":0.0,\"ledger\":\"7800\"}}",,,True
accounting-v1,2018-01-24,2018-01-24 14:21:28.951+0000,"{\"account\":{\"type\":\"ASSET\",\"identifier\":\"7820\",\"name\":\"Accrued Income on Investments\",\"holders\":[],\"signatureAuthorities\":[],\"balance\":0.0,\"ledger\":\"7800\"}}",,,True
accounting-v1,2018-01-24,2018-01-24 14:21:28.974+0000,"{\"account\":{\"type\":\"ASSET\",\"identifier\":\"7830\",\"name\":\"Accrued Credit Card Income\",\"holders\":[],\"signatureAuthorities\":[],\"balance\":0.0,\"ledger\":\"7800\"}}",,,True
accounting-v1,2018-01-24,2018-01-24 14:21:28.999+0000,"{\"account\":{\"type\":\"ASSET\",\"identifier\":\"7840\",\"name\":\"Accrued Late Fee Income\",\"holders\":[],\"signatureAuthorities\":[],\"balance\":0.0,\"ledger\":\"7800\"}}",,,True
accounting-v1,2018-01-24,2018-01-24 14:21:29.020+0000,"{\"account\":{\"type\":\"ASSET\",\"identifier\":\"7890\",\"name\":\"Other Accrued Income\",\"holders\":[],\"signatureAuthorities\":[],\"balance\":0.0,\"ledger\":\"7800\"}}",,,True
accounting-v1,2018-01-24,2018-01-24 14:21:29.043+0000,"{\"account\":{\"type\":\"LIABILITY\",\"identifier\":\"8201\",\"name\":\"Dividends Payable on Shares\",\"holders\":[],\"signatureAuthorities\":[],\"balance\":0.0,\"ledger\":\"8200\"}}",,,True
accounting-v1,2018-01-24,2018-01-24 14:21:29.067+0000,"{\"account\":{\"type\":\"LIABILITY\",\"identifier\":\"8202\",\"name\":\"Interest Payable on Savings\",\"holders\":[],\"signatureAuthorities\":[],\"balance\":0.0,\"ledger\":\"8200\"}}",,,True
accounting-v1,2018-01-24,2018-01-24 14:21:29.093+0000,"{\"account\":{\"type\":\"LIABILITY\",\"identifier\":\"8203\",\"name\":\"Interest Payable on Club Accounts\",\"holders\":[],\"signatureAuthorities\":[],\"balance\":0.0,\"ledger\":\"8200\"}}",,,True
accounting-v1,2018-01-24,2018-01-24 14:21:29.123+0000,"{\"account\":{\"type\":\"LIABILITY\",\"identifier\":\"8207\",\"name\":\"Interest Payable on Other Accounts\",\"holders\":[],\"signatureAuthorities\":[],\"balance\":0.0,\"ledger\":\"8200\"}}",,,True
accounting-v1,2018-01-24,2018-01-24 14:21:29.147+0000,"{\"account\":{\"type\":\"LIABILITY\",\"identifier\":\"8410\",\"name\":\"VAT Taxes payable\",\"holders\":[],\"signatureAuthorities\":[],\"balance\":0.0,\"ledger\":\"8400\"}}",,,True
accounting-v1,2018-01-24,2018-01-24 14:21:29.173+0000,"{\"account\":{\"type\":\"LIABILITY\",\"identifier\":\"8420\",\"name\":\"Withholding taxes payable\",\"holders\":[],\"signatureAuthorities\":[],\"balance\":0.0,\"ledger\":\"8400\"}}",,,True
accounting-v1,2018-01-24,2018-01-24 14:21:29.193+0000,"{\"account\":{\"type\":\"LIABILITY\",\"identifier\":\"8490\",\"name\":\"Other Taxes Payable\",\"holders\":[],\"signatureAuthorities\":[],\"balance\":0.0,\"ledger\":\"8400\"}}",,,True
accounting-v1,2018-01-24,2018-01-24 14:21:29.216+0000,"{\"account\":{\"type\":\"LIABILITY\",\"identifier\":\"8530\",\"name\":\"Loans Payable\",\"holders\":[],\"signatureAuthorities\":[],\"balance\":0.0,\"ledger\":\"8500\"}}",,,True
accounting-v1,2018-01-24,2018-01-24 14:21:29.238+0000,"{\"account\":{\"type\":\"LIABILITY\",\"identifier\":\"8540\",\"name\":\"Accrued Dividends Payable\",\"holders\":[],\"signatureAuthorities\":[],\"balance\":0.0,\"ledger\":\"8500\"}}",,,True
accounting-v1,2018-01-24,2018-01-24 14:21:29.259+0000,"{\"account\":{\"type\":\"LIABILITY\",\"identifier\":\"8550\",\"name\":\"Accrued Interest Payable\",\"holders\":[],\"signatureAuthorities\":[],\"balance\":0.0,\"ledger\":\"8500\"}}",,,True
accounting-v1,2018-01-24,2018-01-24 14:21:29.281+0000,"{\"account\":{\"type\":\"LIABILITY\",\"identifier\":\"8590\",\"name\":\"Other Accrued Expenses\",\"holders\":[],\"signatureAuthorities\":[],\"balance\":0.0,\"ledger\":\"8500\"}}",,,True
accounting-v1,2018-01-24,2018-01-24 14:21:29.300+0000,"{\"account\":{\"type\":\"EQUITY\",\"identifier\":\"9010\",\"name\":\"Share Account\",\"holders\":[],\"signatureAuthorities\":[],\"balance\":0.0,\"ledger\":\"9000\"}}",,,True
accounting-v1,2018-01-24,2018-01-24 14:21:29.323+0000,"{\"account\":{\"type\":\"EQUITY\",\"identifier\":\"9020\",\"name\":\"Savings\",\"holders\":[],\"signatureAuthorities\":[],\"balance\":0.0,\"ledger\":\"9000\"}}",,,True
accounting-v1,2018-01-24,2018-01-24 14:21:29.342+0000,"{\"account\":{\"type\":\"EQUITY\",\"identifier\":\"9030\",\"name\":\"Club Accounts\",\"holders\":[],\"signatureAuthorities\":[],\"balance\":0.0,\"ledger\":\"9000\"}}",,,True
accounting-v1,2018-01-24,2018-01-24 14:21:29.362+0000,"{\"account\":{\"type\":\"EQUITY\",\"identifier\":\"9040\",\"name\":\"Other Savings\",\"holders\":[],\"signatureAuthorities\":[],\"balance\":0.0,\"ledger\":\"9000\"}}",,,True
accounting-v1,2018-01-24,2018-01-24 14:21:29.380+0000,"{\"account\":{\"type\":\"EQUITY\",\"identifier\":\"9310\",\"name\":\"Regular Reserves\",\"holders\":[],\"signatureAuthorities\":[],\"balance\":0.0,\"ledger\":\"9300\"}}",,,True
accounting-v1,2018-01-24,2018-01-24 14:21:29.400+0000,"{\"account\":{\"type\":\"EQUITY\",\"identifier\":\"9320\",\"name\":\"Special Reserve for Losses\",\"holders\":[],\"signatureAuthorities\":[],\"balance\":0.0,\"ledger\":\"9300\"}}",,,True
accounting-v1,2018-01-24,2018-01-24 14:21:29.424+0000,"{\"account\":{\"type\":\"EQUITY\",\"identifier\":\"9330\",\"name\":\"Other Reserves\",\"holders\":[],\"signatureAuthorities\":[],\"balance\":0.0,\"ledger\":\"9300\"}}",,,True
payroll-v1,2018-01-24,2018-01-24 14:20:26.266+0000,{},,,True
office-v1,2018-01-24,2018-01-24 14:17:17.776+0000,{},,,True
cheques-v1,2018-01-24,2018-01-24 14:20:11.954+0000,{},,,True
customer-v1,2018-01-24,2018-01-24 14:19:09.933+0000,{},,,True
portfolio-v1,2018-01-24,2018-01-24 14:18:27.568+0000,{},,,True
rhythm-v1,2018-01-24,2018-01-24 14:16:56.190+0000,{},,,True
rhythm-v1,2018-01-24,2018-01-24 14:18:32.032+0000,"{\"tenantIdentifier\":\"playground\",\"applicationIdentifier\":\"portfolio-v1\",\"instance\":{\"identifier\":\"alignment0\",\"alignmentHour\":0}}",,,True
rhythm-v1,2018-01-24,2018-01-24 14:18:32.108+0000,"{\"tenantIdentifier\":\"playground\",\"applicationIdentifier\":\"portfolio-v1\",\"instance\":{\"identifier\":\"alignment1\",\"alignmentHour\":1}}",,,True
rhythm-v1,2018-01-24,2018-01-24 14:18:32.122+0000,"{\"tenantIdentifier\":\"playground\",\"applicationIdentifier\":\"portfolio-v1\",\"instance\":{\"identifier\":\"alignment2\",\"alignmentHour\":2}}",,,True
rhythm-v1,2018-01-24,2018-01-24 14:18:32.141+0000,"{\"tenantIdentifier\":\"playground\",\"applicationIdentifier\":\"portfolio-v1\",\"instance\":{\"identifier\":\"alignment3\",\"alignmentHour\":3}}",,,True
rhythm-v1,2018-01-24,2018-01-24 14:18:32.159+0000,"{\"tenantIdentifier\":\"playground\",\"applicationIdentifier\":\"portfolio-v1\",\"instance\":{\"identifier\":\"alignment4\",\"alignmentHour\":4}}",,,True
rhythm-v1,2018-01-24,2018-01-24 14:18:32.174+0000,"{\"tenantIdentifier\":\"playground\",\"applicationIdentifier\":\"portfolio-v1\",\"instance\":{\"identifier\":\"alignment5\",\"alignmentHour\":5}}",,,True
rhythm-v1,2018-01-24,2018-01-24 14:18:32.190+0000,"{\"tenantIdentifier\":\"playground\",\"applicationIdentifier\":\"portfolio-v1\",\"instance\":{\"identifier\":\"alignment6\",\"alignmentHour\":6}}",,,True
rhythm-v1,2018-01-24,2018-01-24 14:18:32.208+0000,"{\"tenantIdentifier\":\"playground\",\"applicationIdentifier\":\"portfolio-v1\",\"instance\":{\"identifier\":\"alignment7\",\"alignmentHour\":7}}",,,True
rhythm-v1,2018-01-24,2018-01-24 14:18:32.227+0000,"{\"tenantIdentifier\":\"playground\",\"applicationIdentifier\":\"portfolio-v1\",\"instance\":{\"identifier\":\"alignment8\",\"alignmentHour\":8}}",,,True
rhythm-v1,2018-01-24,2018-01-24 14:18:32.241+0000,"{\"tenantIdentifier\":\"playground\",\"applicationIdentifier\":\"portfolio-v1\",\"instance\":{\"identifier\":\"alignment9\",\"alignmentHour\":9}}",,,True
rhythm-v1,2018-01-24,2018-01-24 14:18:32.260+0000,"{\"tenantIdentifier\":\"playground\",\"applicationIdentifier\":\"portfolio-v1\",\"instance\":{\"identifier\":\"alignment10\",\"alignmentHour\":10}}",,,True
rhythm-v1,2018-01-24,2018-01-24 14:18:32.274+0000,"{\"tenantIdentifier\":\"playground\",\"applicationIdentifier\":\"portfolio-v1\",\"instance\":{\"identifier\":\"alignment11\",\"alignmentHour\":11}}",,,True
rhythm-v1,2018-01-24,2018-01-24 14:18:32.290+0000,"{\"tenantIdentifier\":\"playground\",\"applicationIdentifier\":\"portfolio-v1\",\"instance\":{\"identifier\":\"alignment12\",\"alignmentHour\":12}}",,,True
rhythm-v1,2018-01-24,2018-01-24 14:18:32.305+0000,"{\"tenantIdentifier\":\"playground\",\"applicationIdentifier\":\"portfolio-v1\",\"instance\":{\"identifier\":\"alignment13\",\"alignmentHour\":13}}",,,True
rhythm-v1,2018-01-24,2018-01-24 14:18:32.317+0000,"{\"tenantIdentifier\":\"playground\",\"applicationIdentifier\":\"portfolio-v1\",\"instance\":{\"identifier\":\"alignment14\",\"alignmentHour\":14}}",,,True
rhythm-v1,2018-01-24,2018-01-24 14:18:32.331+0000,"{\"tenantIdentifier\":\"playground\",\"applicationIdentifier\":\"portfolio-v1\",\"instance\":{\"identifier\":\"alignment15\",\"alignmentHour\":15}}",,,True
rhythm-v1,2018-01-24,2018-01-24 14:18:32.343+0000,"{\"tenantIdentifier\":\"playground\",\"applicationIdentifier\":\"portfolio-v1\",\"instance\":{\"identifier\":\"alignment16\",\"alignmentHour\":16}}",,,True
rhythm-v1,2018-01-24,2018-01-24 14:18:32.354+0000,"{\"tenantIdentifier\":\"playground\",\"applicationIdentifier\":\"portfolio-v1\",\"instance\":{\"identifier\":\"alignment17\",\"alignmentHour\":17}}",,,True
rhythm-v1,2018-01-24,2018-01-24 14:18:32.364+0000,"{\"tenantIdentifier\":\"playground\",\"applicationIdentifier\":\"portfolio-v1\",\"instance\":{\"identifier\":\"alignment18\",\"alignmentHour\":18}}",,,True
rhythm-v1,2018-01-24,2018-01-24 14:18:32.372+0000,"{\"tenantIdentifier\":\"playground\",\"applicationIdentifier\":\"portfolio-v1\",\"instance\":{\"identifier\":\"alignment19\",\"alignmentHour\":19}}",,,True
rhythm-v1,2018-01-24,2018-01-24 14:18:32.384+0000,"{\"tenantIdentifier\":\"playground\",\"applicationIdentifier\":\"portfolio-v1\",\"instance\":{\"identifier\":\"alignment20\",\"alignmentHour\":20}}",,,True
rhythm-v1,2018-01-24,2018-01-24 14:18:32.394+0000,"{\"tenantIdentifier\":\"playground\",\"applicationIdentifier\":\"portfolio-v1\",\"instance\":{\"identifier\":\"alignment21\",\"alignmentHour\":21}}",,,True
rhythm-v1,2018-01-24,2018-01-24 14:18:32.405+0000,"{\"tenantIdentifier\":\"playground\",\"applicationIdentifier\":\"portfolio-v1\",\"instance\":{\"identifier\":\"alignment22\",\"alignmentHour\":22}}",,,True
rhythm-v1,2018-01-24,2018-01-24 14:18:32.416+0000,"{\"tenantIdentifier\":\"playground\",\"applicationIdentifier\":\"portfolio-v1\",\"instance\":{\"identifier\":\"alignment23\",\"alignmentHour\":23}}",,,True
rhythm-v1,2018-01-24,2018-01-24 14:19:33.837+0000,"{\"tenantIdentifier\":\"playground\",\"applicationIdentifier\":\"deposit-v1\",\"instance\":{\"identifier\":\"deposit-interest-accrual\",\"alignmentHour\":22}}",,,True
